date,金融危機
2016-01-01,0.0
2016-01-02,22.75324643261154
2016-01-03,21.878121569818788
2016-01-04,24.50349615819704
2016-01-05,0.0
2016-01-06,0.0
2016-01-07,30.629370197746304
2016-01-08,0.0
2016-01-09,0.0
2016-01-10,87.51248627927515
2016-01-11,25.378621020989794
2016-01-12,0.0
2016-01-13,0.0
2016-01-14,0.0
2016-01-15,0.0
2016-01-16,0.0
2016-01-17,0.0
2016-01-18,0.0
2016-01-19,0.0
2016-01-20,0.0
2016-01-21,0.0
2016-01-22,0.0
2016-01-23,0.0
2016-01-24,0.0
2016-01-25,0.0
2016-01-26,26.253745883782546
2016-01-27,0.0
2016-01-28,0.0
2016-01-29,0.0
2016-01-30,0.0
2016-01-31,0.0
2016-02-01,0.0
2016-02-02,0.0
2016-02-03,0.0
2016-02-04,0.0
2016-02-05,0.0
2016-02-06,0.0
2016-02-07,0.0
2016-02-08,0.0
2016-02-09,36.755244237295564
2016-02-10,0.0
2016-02-11,17.50249725585503
2016-02-12,0.0
2016-02-13,0.0
2016-02-14,0.0
2016-02-15,38.50549396288107
2016-02-16,0.0
2016-02-17,28.003995609368047
2016-02-18,0.0
2016-02-19,0.0
2016-02-20,24.50349615819704
2016-02-21,0.0
2016-02-22,0.0
2016-02-23,20.127871844233287
2016-02-24,17.50249725585503
2016-02-25,0.0
2016-02-26,0.0
2016-02-27,0.0
2016-02-28,0.0
2016-02-29,21.878121569818788
2016-03-01,0.0
2016-03-02,34.12986964891731
2016-03-03,0.0
2016-03-04,0.0
2016-03-05,36.755244237295564
2016-03-06,0.0
2016-03-07,0.0
2016-03-08,28.879120472160803
2016-03-09,21.002996707026035
2016-03-10,21.878121569818788
2016-03-11,0.0
2016-03-12,0.0
2016-03-13,0.0
2016-03-14,0.0
2016-03-15,18.377622118647782
2016-03-16,0.0
2016-03-17,0.0
2016-03-18,0.0
2016-03-19,0.0
2016-03-20,0.0
2016-03-21,18.377622118647782
2016-03-22,0.0
2016-03-23,0.0
2016-03-24,0.0
2016-03-25,0.0
2016-03-26,0.0
2016-03-27,0.0
2016-03-28,23.62837129540429
2016-03-29,0.0
2016-03-30,0.0
2016-03-31,22.75324643261154
2016-04-01,0.0
2016-04-02,0.0
2016-04-03,0.0
2016-04-04,0.0
2016-04-05,0.0
2016-04-06,0.0
2016-04-07,0.0
2016-04-08,0.0
2016-04-09,0.0
2016-04-10,0.0
2016-04-11,0.0
2016-04-12,0.0
2016-04-13,0.0
2016-04-14,16.61351876892587
2016-04-15,0.0
2016-04-16,0.0
2016-04-17,21.597574399603637
2016-04-18,0.0
2016-04-19,0.0
2016-04-20,0.0
2016-04-21,0.0
2016-04-22,0.0
2016-04-23,0.0
2016-04-24,0.0
2016-04-25,0.0
2016-04-26,15.505950850997483
2016-04-27,19.382438563746852
2016-04-28,31.565685660959158
2016-04-29,25.474062112353007
2016-04-30,0.0
2016-05-01,0.0
2016-05-02,0.0
2016-05-03,0.0
2016-05-04,0.0
2016-05-05,32.11946961992335
2016-05-06,14.952166892033286
2016-05-07,0.0
2016-05-08,0.0
2016-05-09,0.0
2016-05-10,0.0
2016-05-11,0.0
2016-05-12,23.25892627649622
2016-05-13,0.0
2016-05-14,0.0
2016-05-15,0.0
2016-05-16,24.920278153388807
2016-05-17,0.0
2016-05-18,0.0
2016-05-19,14.952166892033286
2016-05-20,0.0
2016-05-21,0.0
2016-05-22,0.0
2016-05-23,0.0
2016-05-24,0.0
2016-05-25,38.21109316852951
2016-05-26,0.0
2016-05-27,0.0
2016-05-28,0.0
2016-05-29,27.689197948209788
2016-05-30,0.0
2016-05-31,0.0
2016-06-01,0.0
2016-06-02,0.0
2016-06-03,0.0
2016-06-04,0.0
2016-06-05,0.0
2016-06-06,18.828654604782656
2016-06-07,0.0
2016-06-08,0.0
2016-06-09,0.0
2016-06-10,55.378395896419576
2016-06-11,0.0
2016-06-12,0.0
2016-06-13,0.0
2016-06-14,0.0
2016-06-15,18.27487064581846
2016-06-16,0.0
2016-06-17,0.0
2016-06-18,0.0
2016-06-19,0.0
2016-06-20,0.0
2016-06-21,0.0
2016-06-22,0.0
2016-06-23,0.0
2016-06-24,0.0
2016-06-25,0.0
2016-06-26,40.23284412982736
2016-06-27,0.0
2016-06-28,0.0
2016-06-29,0.0
2016-06-30,0.0
2016-07-01,0.0
2016-07-02,0.0
2016-07-03,18.367167972312494
2016-07-04,0.0
2016-07-05,0.0
2016-07-06,0.0
2016-07-07,0.0
2016-07-08,37.60896299092558
2016-07-09,0.0
2016-07-10,0.0
2016-07-11,0.0
2016-07-12,0.0
2016-07-13,20.11642206491368
2016-07-14,0.0
2016-07-15,15.743286833410707
2016-07-16,0.0
2016-07-17,0.0
2016-07-18,56.85075800953866
2016-07-19,0.0
2016-07-20,13.994032740809518
2016-07-21,17.4925409260119
2016-07-22,0.0
2016-07-23,0.0
2016-07-24,20.991049111214277
2016-07-25,0.0
2016-07-26,0.0
2016-07-27,0.0
2016-07-28,0.0
2016-07-29,29.737319574220223
2016-07-30,0.0
2016-07-31,0.0
2016-08-01,0.0
2016-08-02,0.0
2016-08-03,0.0
2016-08-04,0.0
2016-08-05,0.0
2016-08-06,0.0
2016-08-07,0.0
2016-08-08,0.0
2016-08-09,0.0
2016-08-10,20.11642206491368
2016-08-11,0.0
2016-08-12,87.46270463005949
2016-08-13,0.0
2016-08-14,0.0
2016-08-15,0.0
2016-08-16,0.0
2016-08-17,0.0
2016-08-18,0.0
2016-08-19,0.0
2016-08-20,0.0
2016-08-21,0.0
2016-08-22,22.74030320381547
2016-08-23,14.868659787110111
2016-08-24,20.11642206491368
2016-08-25,15.743286833410707
2016-08-26,0.0
2016-08-27,0.0
2016-08-28,0.0
2016-08-29,0.0
2016-08-30,0.0
2016-08-31,0.0
2016-09-01,0.0
2016-09-02,22.74030320381547
2016-09-03,0.0
2016-09-04,0.0
2016-09-05,0.0
2016-09-06,0.0
2016-09-07,0.0
2016-09-08,15.743286833410707
2016-09-09,0.0
2016-09-10,22.39045238529523
2016-09-11,0.0
2016-09-12,14.693734377849992
2016-09-13,0.0
2016-09-14,0.0
2016-09-15,0.0
2016-09-16,0.0
2016-09-17,0.0
2016-09-18,0.0
2016-09-19,0.0
2016-09-20,0.0
2016-09-21,0.0
2016-09-22,0.0
2016-09-23,18.542093381572613
2016-09-24,16.442988470451184
2016-09-25,0.0
2016-09-26,0.0
2016-09-27,0.0
2016-09-28,15.743286833410707
2016-09-29,0.0
2016-09-30,0.0
2016-10-01,0.0
2016-10-02,0.0
2016-10-03,0.0
2016-10-04,0.0
2016-10-05,0.0
2016-10-06,0.0
2016-10-07,0.0
2016-10-08,0.0
2016-10-09,0.0
2016-10-10,0.0
2016-10-11,0.0
2016-10-12,0.0
2016-10-13,0.0
2016-10-14,0.0
2016-10-15,0.0
2016-10-16,0.0
2016-10-17,0.0
2016-10-18,0.0
2016-10-19,0.0
2016-10-20,19.241795018613086
2016-10-21,0.0
2016-10-22,34.9850818520238
2016-10-23,28.337916300139277
2016-10-24,0.0
2016-10-25,0.0
2016-10-26,0.0
2016-10-27,0.0
2016-10-28,0.0
2016-10-29,0.0
2016-10-30,0.0
2016-10-31,0.0
2016-11-01,0.0
2016-11-02,0.0
2016-11-03,0.0
2016-11-04,0.0
2016-11-05,0.0
2016-11-06,0.0
2016-11-07,0.0
2016-11-08,0.0
2016-11-09,0.0
2016-11-10,0.0
2016-11-11,0.0
2016-11-12,0.0
2016-11-13,0.0
2016-11-14,0.0
2016-11-15,0.0
2016-11-16,0.0
2016-11-17,24.839408114936894
2016-11-18,0.0
2016-11-19,24.839408114936894
2016-11-20,21.340899929734512
2016-11-21,0.0
2016-11-22,0.0
2016-11-23,0.0
2016-11-24,14.343883559329756
2016-11-25,0.0
2016-11-26,0.0
2016-11-27,0.0
2016-11-28,0.0
2016-11-29,74.90632536556477
2016-11-30,0.0
2016-12-01,20.22470784870249
2016-12-02,0.0
2016-12-03,0.0
2016-12-04,0.0
2016-12-05,33.70784641450415
2016-12-06,0.0
2016-12-07,0.0
2016-12-08,0.0
2016-12-09,0.0
2016-12-10,0.0
2016-12-11,0.0
2016-12-12,0.0
2016-12-13,0.0
2016-12-14,0.0
2016-12-15,0.0
2016-12-16,0.0
2016-12-17,0.0
2016-12-18,17.977518087735543
2016-12-19,17.977518087735543
2016-12-20,17.977518087735543
2016-12-21,0.0
2016-12-22,0.0
2016-12-23,0.0
2016-12-24,0.0
2016-12-25,24.719087370636377
2016-12-26,17.977518087735543
2016-12-27,13.483138565801662
2016-12-28,47.190984980305814
2016-12-29,0.0
2016-12-30,0.0
2016-12-31,21.722834356013788
2017-01-01,36.70409942912674
2017-01-02,0.0
2017-01-03,0.0
2017-01-04,0.0
2017-01-05,0.0
2017-01-06,0.0
2017-01-07,0.0
2017-01-08,0.0
2017-01-09,0.0
2017-01-10,0.0
2017-01-11,0.0
2017-01-12,0.0
2017-01-13,0.0
2017-01-14,39.70035244374934
2017-01-15,0.0
2017-01-16,0.0
2017-01-17,0.0
2017-01-18,0.0
2017-01-19,14.981265073112954
2017-01-20,0.0
2017-01-21,0.0
2017-01-22,0.0
2017-01-23,0.0
2017-01-24,0.0
2017-01-25,0.0
2017-01-26,0.0
2017-01-27,0.0
2017-01-28,0.0
2017-01-29,0.0
2017-01-30,44.19473196568322
2017-01-31,0.0
2017-02-01,0.0
2017-02-02,0.0
2017-02-03,0.0
2017-02-04,0.0
2017-02-05,0.0
2017-02-06,0.0
2017-02-07,0.0
2017-02-08,0.0
2017-02-09,0.0
2017-02-10,13.483138565801662
2017-02-11,15.730328326768603
2017-02-12,0.0
2017-02-13,0.0
2017-02-14,0.0
2017-02-15,0.0
2017-02-16,0.0
2017-02-17,0.0
2017-02-18,0.0
2017-02-19,0.0
2017-02-20,45.48998717512944
2017-02-21,0.0
2017-02-22,0.0
2017-02-23,0.0
2017-02-24,0.0
2017-02-25,17.16603289627526
2017-02-26,36.048669082178044
2017-02-27,0.0
2017-02-28,0.0
2017-03-01,0.0
2017-03-02,30.040557568481706
2017-03-03,0.0
2017-03-04,0.0
2017-03-05,18.024334541089022
2017-03-06,0.0
2017-03-07,20.59923947553031
2017-03-08,0.0
2017-03-09,12.874524672206448
2017-03-10,12.016223027392682
2017-03-11,0.0
2017-03-12,20.59923947553031
2017-03-13,0.0
2017-03-14,18.882636185902786
2017-03-15,0.0
2017-03-16,0.0
2017-03-17,0.0
2017-03-18,0.0
2017-03-19,85.8301644813763
2017-03-20,0.0
2017-03-21,0.0
2017-03-22,18.024334541089022
2017-03-23,0.0
2017-03-24,30.898859213295466
2017-03-25,0.0
2017-03-26,0.0
2017-03-27,0.0
2017-03-28,12.016223027392682
2017-03-29,0.0
2017-03-30,0.0
2017-03-31,30.040557568481706
2017-04-01,0.0
2017-04-02,0.0
2017-04-03,0.0
2017-04-04,0.0
2017-04-05,0.0
2017-04-06,16.307731251461497
2017-04-07,14.591127961833973
2017-04-08,0.0
2017-04-09,0.0
2017-04-10,0.0
2017-04-11,0.0
2017-04-12,34.33206579255052
2017-04-13,0.0
2017-04-14,0.0
2017-04-15,13.732826317020209
2017-04-16,0.0
2017-04-17,28.323954278854185
2017-04-18,0.0
2017-04-19,21.457541120344075
2017-04-20,0.0
2017-04-21,0.0
2017-04-22,0.0
2017-04-23,0.0
2017-04-24,0.0
2017-04-25,0.0
2017-04-26,0.0
2017-04-27,0.0
2017-04-28,0.0
2017-04-29,0.0
2017-04-30,0.0
2017-05-01,16.307731251461497
2017-05-02,0.0
2017-05-03,0.0
2017-05-04,26.607350989226653
2017-05-05,0.0
2017-05-06,0.0
2017-05-07,0.0
2017-05-08,0.0
2017-05-09,0.0
2017-05-10,0.0
2017-05-11,0.0
2017-05-12,0.0
2017-05-13,0.0
2017-05-14,0.0
2017-05-15,0.0
2017-05-16,0.0
2017-05-17,0.0
2017-05-18,25.80563109584585
2017-05-19,21.113698169328423
2017-05-20,0.0
2017-05-21,0.0
2017-05-22,0.0
2017-05-23,19.706118291373194
2017-05-24,0.0
2017-05-25,26.744017681149334
2017-05-26,15.952571950159253
2017-05-27,20.644504876676677
2017-05-28,0.0
2017-05-29,0.0
2017-05-30,17.36015182811448
2017-05-31,0.0
2017-06-01,0.0
2017-06-02,12.19902560894531
2017-06-03,15.952571950159253
2017-06-04,0.0
2017-06-05,0.0
2017-06-06,0.0
2017-06-07,17.82934512076622
2017-06-08,0.0
2017-06-09,23.92885792523888
2017-06-10,0.0
2017-06-11,0.0
2017-06-12,15.014185364855766
2017-06-13,0.0
2017-06-14,27.68240426645282
2017-06-15,0.0
2017-06-16,22.052084754631906
2017-06-17,14.075798779552281
2017-06-18,23.45966463258714
2017-06-19,0.0
2017-06-20,0.0
2017-06-21,0.0
2017-06-22,0.0
2017-06-23,0.0
2017-06-24,18.298538413417965
2017-06-25,0.0
2017-06-26,0.0
2017-06-27,21.113698169328423
2017-06-28,30.96675731501502
2017-06-29,0.0
2017-06-30,12.668218901597053
2017-07-01,0.0
2017-07-02,0.0
2017-07-03,46.91932926517428
2017-07-04,0.0
2017-07-05,0.0
2017-07-06,0.0
2017-07-07,0.0
2017-07-08,24.39805121789062
2017-07-09,0.0
2017-07-10,0.0
2017-07-11,22.990471339935397
2017-07-12,0.0
2017-07-13,14.075798779552281
2017-07-14,18.767731706069707
2017-07-15,0.0
2017-07-16,16.421765242810995
2017-07-17,0.0
2017-07-18,0.0
2017-07-19,0.0
2017-07-20,0.0
2017-07-21,0.0
2017-07-22,0.0
2017-07-23,0.0
2017-07-24,0.0
2017-07-25,0.0
2017-07-26,0.0
2017-07-27,0.0
2017-07-28,0.0
2017-07-29,20.90849542904338
2017-07-30,0.0
2017-07-31,0.0
2017-08-01,0.0
2017-08-02,0.0
2017-08-03,0.0
2017-08-04,17.423746190869483
2017-08-05,0.0
2017-08-06,0.0
2017-08-07,29.968843448295512
2017-08-08,14.635946800330368
2017-08-09,0.0
2017-08-10,0.0
2017-08-11,23.696294819582498
2017-08-12,0.0
2017-08-13,0.0
2017-08-14,0.0
2017-08-15,0.0
2017-08-16,0.0
2017-08-17,0.0
2017-08-18,0.0
2017-08-19,17.77222111468687
2017-08-20,0.0
2017-08-21,0.0
2017-08-22,14.287471876512978
2017-08-23,0.0
2017-08-24,25.090194514852055
2017-08-25,0.0
2017-08-26,0.0
2017-08-27,0.0
2017-08-28,0.0
2017-08-29,0.0
2017-08-30,14.287471876512978
2017-08-31,0.0
2017-09-01,0.0
2017-09-02,0.0
2017-09-03,0.0
2017-09-04,0.0
2017-09-05,0.0
2017-09-06,0.0
2017-09-07,0.0
2017-09-08,0.0
2017-09-09,0.0
2017-09-10,0.0
2017-09-11,14.635946800330368
2017-09-12,0.0
2017-09-13,0.0
2017-09-14,34.84749238173897
2017-09-15,0.0
2017-09-16,0.0
2017-09-17,0.0
2017-09-18,0.0
2017-09-19,15.332896647965146
2017-09-20,18.12069603850426
2017-09-21,0.0
2017-09-22,0.0
2017-09-23,0.0
2017-09-24,0.0
2017-09-25,0.0
2017-09-26,0.0
2017-09-27,12.893572181243417
2017-09-28,0.0
2017-09-29,0.0
2017-09-30,0.0
2017-10-01,22.65087004813033
2017-10-02,34.84749238173897
2017-10-03,0.0
2017-10-04,22.999344971947718
2017-10-05,0.0
2017-10-06,20.90849542904338
2017-10-07,0.0
2017-10-08,0.0
2017-10-09,0.0
2017-10-10,0.0
2017-10-11,0.0
2017-10-12,19.16612080995643
2017-10-13,13.0
2017-10-14,0.0
2017-10-15,0.0
2017-10-16,0.0
2017-10-17,0.0
2017-10-18,0.0
2017-10-19,0.0
2017-10-20,13.0
2017-10-21,47.0
2017-10-22,26.0
2017-10-23,0.0
2017-10-24,53.0
2017-10-25,0.0
2017-10-26,0.0
2017-10-27,0.0
2017-10-28,100.0
2017-10-29,0.0
2017-10-30,0.0
2017-10-31,0.0
2017-11-01,0.0
2017-11-02,0.0
2017-11-03,0.0
2017-11-04,0.0
2017-11-05,0.0
2017-11-06,0.0
2017-11-07,0.0
2017-11-08,21.000000000000004
2017-11-09,20.0
2017-11-10,0.0
2017-11-11,0.0
2017-11-12,25.0
2017-11-13,0.0
2017-11-14,0.0
2017-11-15,27.0
2017-11-16,0.0
2017-11-17,0.0
2017-11-18,0.0
2017-11-19,13.999999999999998
2017-11-20,13.0
2017-11-21,0.0
2017-11-22,0.0
2017-11-23,0.0
2017-11-24,0.0
2017-11-25,0.0
2017-11-26,0.0
2017-11-27,23.0
2017-11-28,0.0
2017-11-29,0.0
2017-11-30,0.0
2017-12-01,22.0
2017-12-02,0.0
2017-12-03,0.0
2017-12-04,0.0
2017-12-05,0.0
2017-12-06,51.0
2017-12-07,0.0
2017-12-08,13.999999999999998
2017-12-09,0.0
2017-12-10,54.0
2017-12-11,0.0
2017-12-12,0.0
2017-12-13,0.0
2017-12-14,0.0
2017-12-15,0.0
2017-12-16,0.0
2017-12-17,22.0
2017-12-18,19.0
2017-12-19,0.0
2017-12-20,0.0
2017-12-21,13.999999999999998
2017-12-22,0.0
2017-12-23,0.0
2017-12-24,0.0
2017-12-25,0.0
2017-12-26,16.0
2017-12-27,15.000000000000002
2017-12-28,0.0
2017-12-29,48.00000000000001
2017-12-30,0.0
2017-12-31,0.0
2018-01-01,60.9866220735786
2018-01-02,0.0
2018-01-03,0.0
2018-01-04,34.15250836120401
2018-01-05,0.0
2018-01-06,0.0
2018-01-07,0.0
2018-01-08,0.0
2018-01-09,26.224247491638796
2018-01-10,22.56505016722408
2018-01-11,0.0
2018-01-12,0.0
2018-01-13,0.0
2018-01-14,0.0
2018-01-15,0.0
2018-01-16,0.0
2018-01-17,0.0
2018-01-18,0.0
2018-01-19,0.0
2018-01-20,16.466387959866218
2018-01-21,0.0
2018-01-22,0.0
2018-01-23,0.0
2018-01-24,0.0
2018-01-25,0.0
2018-01-26,0.0
2018-01-27,17.68612040133779
2018-01-28,17.68612040133779
2018-01-29,0.0
2018-01-30,0.0
2018-01-31,57.32742474916388
2018-02-01,0.0
2018-02-02,0.0
2018-02-03,0.0
2018-02-04,17.68612040133779
2018-02-05,0.0
2018-02-06,0.0
2018-02-07,16.466387959866218
2018-02-08,0.0
2018-02-09,0.0
2018-02-10,0.0
2018-02-11,0.0
2018-02-12,27.44397993311037
2018-02-13,0.0
2018-02-14,0.0
2018-02-15,23.78478260869565
2018-02-16,20.125585284280938
2018-02-17,0.0
2018-02-18,0.0
2018-02-19,17.68612040133779
2018-02-20,0.0
2018-02-21,0.0
2018-02-22,0.0
2018-02-23,0.0
2018-02-24,0.0
2018-02-25,0.0
2018-02-26,0.0
2018-02-27,0.0
2018-02-28,28.66371237458194
2018-03-01,0.0
2018-03-02,35.37224080267558
2018-03-03,0.0
2018-03-04,0.0
2018-03-05,0.0
2018-03-06,11.587458193979934
2018-03-07,0.0
2018-03-08,25.61438127090301
2018-03-09,0.0
2018-03-10,19.515719063545152
2018-03-11,0.0
2018-03-12,0.0
2018-03-13,0.0
2018-03-14,21.34531772575251
2018-03-15,0.0
2018-03-16,17.076254180602007
2018-03-17,14.026923076923078
2018-03-18,0.0
2018-03-19,0.0
2018-03-20,0.0
2018-03-21,0.0
2018-03-22,14.421367333052116
2018-03-23,0.0
2018-03-24,0.0
2018-03-25,0.0
2018-03-26,0.0
2018-03-27,0.0
2018-03-28,0.0
2018-03-29,31.72700813271465
2018-03-30,45.571520772444686
2018-03-31,16.728786106340454
2018-04-01,0.0
2018-04-02,0.0
2018-04-03,0.0
2018-04-04,17.305640799662537
2018-04-05,30.57329874607048
2018-04-06,0.0
2018-04-07,0.0
2018-04-08,0.0
2018-04-09,23.651042426205468
2018-04-10,21.920478346239218
2018-04-11,0.0
2018-04-12,0.0
2018-04-13,0.0
2018-04-14,57.68546933220846
2018-04-15,0.0
2018-04-16,0.0
2018-04-17,0.0
2018-04-18,0.0
2018-04-19,0.0
2018-04-20,25.95846119949381
2018-04-21,0.0
2018-04-22,38.649264452579665
2018-04-23,0.0
2018-04-24,0.0
2018-04-25,0.0
2018-04-26,0.0
2018-04-27,0.0
2018-04-28,0.0
2018-04-29,14.9982220263742
2018-04-30,0.0
2018-05-01,0.0
2018-05-02,0.0
2018-05-03,0.0
2018-05-04,0.0
2018-05-05,0.0
2018-05-06,27.68902527946006
2018-05-07,24.804751812849638
2018-05-08,0.0
2018-05-09,0.0
2018-05-10,0.0
2018-05-11,30.57329874607048
2018-05-12,0.0
2018-05-13,0.0
2018-05-14,0.0
2018-05-15,17.305640799662537
2018-05-16,0.0
2018-05-17,32.880717519358825
2018-05-18,0.0
2018-05-19,0.0
2018-05-20,0.0
2018-05-21,0.0
2018-05-22,18.459350186306708
2018-05-23,0.0
2018-05-24,0.0
2018-05-25,0.0
2018-05-26,0.0
2018-05-27,0.0
2018-05-28,0.0
2018-05-29,0.0
2018-05-30,19.036204879628794
2018-05-31,25.95846119949381
2018-06-01,0.0
2018-06-02,13.84451263973003
2018-06-03,0.0
2018-06-04,0.0
2018-06-05,0.0
2018-06-06,0.0
2018-06-07,15.575076719696284
2018-06-08,14.9982220263742
2018-06-09,0.0
2018-06-10,0.0
2018-06-11,0.0
2018-06-12,0.0
2018-06-13,0.0
2018-06-14,15.343583764412882
2018-06-15,0.0
2018-06-16,0.0
2018-06-17,0.0
2018-06-18,0.0
2018-06-19,0.0
2018-06-20,0.0
2018-06-21,0.0
2018-06-22,17.766254885109653
2018-06-23,0.0
2018-06-24,0.0
2018-06-25,0.0
2018-06-26,0.0
2018-06-27,0.0
2018-06-28,80.75570402322569
2018-06-29,0.0
2018-06-30,0.0
2018-07-01,0.0
2018-07-02,0.0
2018-07-03,0.0
2018-07-04,0.0
2018-07-05,0.0
2018-07-06,0.0
2018-07-07,37.14762385068382
2018-07-08,36.34006681045156
2018-07-09,0.0
2018-07-10,0.0
2018-07-11,0.0
2018-07-12,13.728469683948367
2018-07-13,0.0
2018-07-14,16.151140804645138
2018-07-15,12.113355603483853
2018-07-16,25.84182528743222
2018-07-17,11.305798563251598
2018-07-18,11.305798563251598
2018-07-19,0.0
2018-07-20,12.92091264371611
2018-07-21,0.0
2018-07-22,19.38136896557417
2018-07-23,0.0
2018-07-24,0.0
2018-07-25,12.113355603483853
2018-07-26,15.343583764412882
2018-07-27,16.151140804645138
2018-07-28,0.0
2018-07-29,0.0
2018-07-30,12.92091264371611
2018-07-31,0.0
2018-08-01,0.0
2018-08-02,0.0
2018-08-03,0.0
2018-08-04,16.958697844877392
2018-08-05,0.0
2018-08-06,0.0
2018-08-07,0.0
2018-08-08,0.0
2018-08-09,12.92091264371611
2018-08-10,0.0
2018-08-11,18.57381192534191
2018-08-12,16.151140804645138
2018-08-13,16.958697844877392
2018-08-14,0.0
2018-08-15,24.226711206967707
2018-08-16,0.0
2018-08-17,66.21967729904506
2018-08-18,0.0
2018-08-19,15.343583764412882
2018-08-20,0.0
2018-08-21,0.0
2018-08-22,0.0
2018-08-23,12.113355603483853
2018-08-24,0.0
2018-08-25,0.0
2018-08-26,0.0
2018-08-27,0.0
2018-08-28,0.0
2018-08-29,21.710057154864597
2018-08-30,15.507183682046142
2018-08-31,15.507183682046142
2018-09-01,0.0
2018-09-02,16.540995927515883
2018-09-03,0.0
2018-09-04,0.0
2018-09-05,25.328400014008697
2018-09-06,22.743869400334336
2018-09-07,0.0
2018-09-08,0.0
2018-09-09,27.396024504948187
2018-09-10,0.0
2018-09-11,0.0
2018-09-12,31.531273486827153
2018-09-13,17.574808172985627
2018-09-14,14.990277559311268
2018-09-15,0.0
2018-09-16,0.0
2018-09-17,33.59889797776664
2018-09-18,0.0
2018-09-19,0.0
2018-09-20,0.0
2018-09-21,51.69061227348713
2018-09-22,0.0
2018-09-23,0.0
2018-09-24,0.0
2018-09-25,0.0
2018-09-26,0.0
2018-09-27,0.0
2018-09-28,0.0
2018-09-29,27.912930627683053
2018-09-30,0.0
2018-10-01,0.0
2018-10-02,0.0
2018-10-03,0.0
2018-10-04,22.743869400334336
2018-10-05,0.0
2018-10-06,0.0
2018-10-07,0.0
2018-10-08,0.0
2018-10-09,0.0
2018-10-10,0.0
2018-10-11,0.0
2018-10-12,0.0
2018-10-13,21.193151032129727
2018-10-14,35.14961634597125
2018-10-15,26.36221225947844
2018-10-16,0.0
2018-10-17,14.990277559311268
2018-10-18,12.405746945636913
2018-10-19,0.0
2018-10-20,0.0
2018-10-21,0.0
2018-10-22,27.912930627683053
2018-10-23,12.922653068371783
2018-10-24,0.0
2018-10-25,0.0
2018-10-26,35.66652246870613
2018-10-27,13.439559191106657
2018-10-28,0.0
2018-10-29,0.0
2018-10-30,0.0
2018-10-31,0.0
2018-11-01,0.0
2018-11-02,33.59889797776664
2018-11-03,0.0
2018-11-04,0.0
2018-11-05,0.0
2018-11-06,13.439559191106657
2018-11-07,0.0
2018-11-08,0.0
2018-11-09,0.0
2018-11-10,0.0
2018-11-11,0.0
2018-11-12,20.676244909394857
2018-11-13,0.0
2018-11-14,0.0
2018-11-15,0.0
2018-11-16,0.0
2018-11-17,0.0
2018-11-18,23.018732179883838
2018-11-19,0.0
2018-11-20,0.0
2018-11-21,22.27619243214565
2018-11-22,16.335874450240144
2018-11-23,0.0
2018-11-24,14.850794954763765
2018-11-25,0.0
2018-11-26,0.0
2018-11-27,0.0
2018-11-28,0.0
2018-11-29,0.0
2018-11-30,0.0
2018-12-01,0.0
2018-12-02,0.0
2018-12-03,0.0
2018-12-04,0.0
2018-12-05,0.0
2018-12-06,0.0
2018-12-07,35.641907891433036
2018-12-08,0.0
2018-12-09,0.0
2018-12-10,0.0
2018-12-11,15.593334702501954
2018-12-12,0.0
2018-12-13,0.0
2018-12-14,17.820953945716518
2018-12-15,14.108255207025577
2018-12-16,0.0
2018-12-17,0.0
2018-12-18,29.70158990952753
2018-12-19,0.0
2018-12-20,15.593334702501954
2018-12-21,0.0
2018-12-22,0.0
2018-12-23,0.0
2018-12-24,0.0
2018-12-25,74.25397477381883
2018-12-26,0.0
2018-12-27,0.0
2018-12-28,27.473970666312965
2018-12-29,0.0
2018-12-30,25.2463514230984
2018-12-31,23.761271927622023
2019-01-01,25.2463514230984
2019-01-02,0.0
2019-01-03,0.0
2019-01-04,0.0
2019-01-05,0.0
2019-01-06,30.444129657265716
2019-01-07,0.0
2019-01-08,0.0
2019-01-09,11.138096216072825
2019-01-10,0.0
2019-01-11,0.0
2019-01-12,0.0
2019-01-13,0.0
2019-01-14,0.0
2019-01-15,14.108255207025577
2019-01-16,0.0
2019-01-17,15.593334702501954
2019-01-18,0.0
2019-01-19,0.0
2019-01-20,0.0
2019-01-21,0.0
2019-01-22,12.6231757115492
2019-01-23,0.0
2019-01-24,17.078414197978333
2019-01-25,0.0
2019-01-26,0.0
2019-01-27,0.0
2019-01-28,0.0
2019-01-29,0.0
2019-01-30,0.0
2019-01-31,0.0
2019-02-01,0.0
2019-02-02,27.473970666312965
2019-02-03,14.108255207025577
2019-02-04,0.0
2019-02-05,0.0
2019-02-06,24.154533396807405
2019-02-07,0.0
2019-02-08,0.0
2019-02-09,0.0
2019-02-10,0.0
2019-02-11,0.0
2019-02-12,15.432063003515845
2019-02-13,0.0
2019-02-14,12.077266698403703
2019-02-15,16.10302226453827
2019-02-16,0.0
2019-02-17,0.0
2019-02-18,32.20604452907654
2019-02-19,0.0
2019-02-20,56.360577925883945
2019-02-21,50.99290383770453
2019-02-22,12.748225959426133
2019-02-23,0.0
2019-02-24,0.0
2019-02-25,0.0
2019-02-26,16.10302226453827
2019-02-27,0.0
2019-02-28,0.0
2019-03-01,0.0
2019-03-02,0.0
2019-03-03,0.0
2019-03-04,0.0
2019-03-05,19.457818569650414
2019-03-06,0.0
2019-03-07,0.0
2019-03-08,16.10302226453827
2019-03-09,0.0
2019-03-10,0.0
2019-03-11,0.0
2019-03-12,0.0
2019-03-13,0.0
2019-03-14,39.586596400323245
2019-03-15,0.0
2019-03-16,40.9285149223681
2019-03-17,0.0
2019-03-18,0.0
2019-03-19,12.077266698403703
2019-03-20,0.0
2019-03-21,67.0959261022428
2019-03-22,0.0
2019-03-23,0.0
2019-03-24,0.0
2019-03-25,15.432063003515845
2019-03-26,0.0
2019-03-27,0.0
2019-03-28,0.0
2019-03-29,0.0
2019-03-30,40.9285149223681
2019-03-31,0.0
2019-04-01,0.0
2019-04-02,0.0
2019-04-03,0.0
2019-04-04,0.0
2019-04-05,24.154533396807405
2019-04-06,0.0
2019-04-07,0.0
2019-04-08,0.0
2019-04-09,0.0
2019-04-10,28.851248223964397
2019-04-11,0.0
2019-04-12,16.7739815255607
2019-04-13,12.748225959426133
2019-04-14,0.0
2019-04-15,0.0
2019-04-16,0.0
2019-04-17,0.0
2019-04-18,0.0
2019-04-19,0.0
2019-04-20,0.0
2019-04-21,25.496451918852266
2019-04-22,0.0
2019-04-23,14.090144481470986
2019-04-24,0.0
2019-04-25,0.0
2019-04-26,0.0
2019-04-27,0.0
2019-04-28,29.6237265383937
2019-04-29,0.0
2019-04-30,0.0
2019-05-01,0.0
2019-05-02,0.0
2019-05-03,0.0
2019-05-04,0.0
2019-05-05,0.0
2019-05-06,14.532394150910116
2019-05-07,0.0
2019-05-08,0.0
2019-05-09,0.0
2019-05-10,28.50585006524677
2019-05-11,16.768147097203983
2019-05-12,0.0
2019-05-13,0.0
2019-05-14,0.0
2019-05-15,0.0
2019-05-16,24.593282409232508
2019-05-17,0.0
2019-05-18,0.0
2019-05-19,0.0
2019-05-20,0.0
2019-05-21,0.0
2019-05-22,18.444961806924383
2019-05-23,0.0
2019-05-24,0.0
2019-05-25,12.296641204616254
2019-05-26,24.03434417265904
2019-05-27,0.0
2019-05-28,0.0
2019-05-29,15.65027062405705
2019-05-30,0.0
2019-05-31,0.0
2019-06-01,0.0
2019-06-02,0.0
2019-06-03,0.0
2019-06-04,26.829035355526372
2019-06-05,0.0
2019-06-06,0.0
2019-06-07,0.0
2019-06-08,0.0
2019-06-09,0.0
2019-06-10,0.0
2019-06-11,0.0
2019-06-12,15.65027062405705
2019-06-13,0.0
2019-06-14,0.0
2019-06-15,11.737702968042786
2019-06-16,0.0
2019-06-17,18.444961806924383
2019-06-18,0.0
2019-06-19,0.0
2019-06-20,41.36142950643649
2019-06-21,0.0
2019-06-22,17.327085333777443
2019-06-23,15.091332387483583
2019-06-24,0.0
2019-06-25,0.0
2019-06-26,0.0
2019-06-27,0.0
2019-06-28,0.0
2019-06-29,0.0
2019-06-30,0.0
2019-07-01,0.0
2019-07-02,12.855579441189718
2019-07-03,0.0
2019-07-04,19.003900043497847
2019-07-05,0.0
2019-07-06,55.893823657346594
2019-07-07,0.0
2019-07-08,13.973455914336649
2019-07-09,0.0
2019-07-10,16.768147097203983
2019-07-11,0.0
2019-07-12,0.0
2019-07-13,0.0
2019-07-14,31.859479484687565
2019-07-15,0.0
2019-07-16,50.863379528185405
2019-07-17,0.0
2019-07-18,0.0
2019-07-19,17.327085333777443
2019-07-20,0.0
2019-07-21,17.886023570350915
2019-07-22,13.973455914336649
2019-07-23,0.0
2019-07-24,0.0
2019-07-25,30.182664774967165
2019-07-26,0.0
2019-07-27,0.0
2019-07-28,0.0
2019-07-29,25.152220645805972
2019-07-30,0.0
2019-07-31,0.0
2019-08-01,0.0
2019-08-02,0.0
2019-08-03,0.0
2019-08-04,0.0
2019-08-05,0.0
2019-08-06,0.0
2019-08-07,20.680714753218243
2019-08-08,11.17876473146932
2019-08-09,0.0
2019-08-10,0.0
2019-08-11,0.0
2019-08-12,16.768147097203983
2019-08-13,0.0
2019-08-14,35.21310890412836
2019-08-15,0.0
2019-08-16,0.0
2019-08-17,0.0
2019-08-18,0.0
2019-08-19,0.0
2019-08-20,0.0
2019-08-21,0.0
2019-08-22,0.0
2019-08-23,0.0
2019-08-24,13.414517677763186
2019-08-25,0.0
2019-08-26,0.0
2019-08-27,17.327085333777443
2019-08-28,0.0
2019-08-29,16.768147097203983
2019-08-30,0.0
2019-08-31,0.0
2019-09-01,0.0
2019-09-02,0.0
2019-09-03,0.0
2019-09-04,0.0
2019-09-05,0.0
2019-09-06,0.0
2019-09-07,0.0
2019-09-08,0.0
2019-09-09,0.0
2019-09-10,0.0
2019-09-11,0.0
2019-09-12,0.0
2019-09-13,0.0
2019-09-14,12.296641204616254
2019-09-15,35.77204714070183
2019-09-16,0.0
2019-09-17,0.0
2019-09-18,0.0
2019-09-19,0.0
2019-09-20,0.0
2019-09-21,0.0
2019-09-22,0.0
2019-09-23,0.0
2019-09-24,0.0
2019-09-25,11.17876473146932
2019-09-26,0.0
2019-09-27,0.0
2019-09-28,0.0
2019-09-29,0.0
2019-09-30,0.0
2019-10-01,0.0
2019-10-02,0.0
2019-10-03,12.576110322902986
2019-10-04,0.0
2019-10-05,13.973455914336649
2019-10-06,0.0
2019-10-07,0.0
2019-10-08,0.0
2019-10-09,19.56283828007131
2019-10-10,0.0
2019-10-11,0.0
2019-10-12,0.0
2019-10-13,27.946911828673297
2019-10-14,22.35752946293864
2019-10-15,0.0
2019-10-16,69.86727957168326
2019-10-17,0.0
2019-10-18,0.0
2019-10-19,0.0
2019-10-20,0.0
2019-10-21,0.0
2019-10-22,0.0
2019-10-23,32.138948602974295
2019-10-24,20.261511075788142
2019-10-25,14.672128710053483
2019-10-26,0.0
2019-10-27,15.370801505770315
2019-10-28,0.0
2019-10-29,0.0
2019-10-30,0.0
2019-10-31,21.65885666722181
2019-11-01,0.0
2019-11-02,0.0
2019-11-03,13.274783118619817
2019-11-04,0.0
2019-11-05,0.0
2019-11-06,0.0
2019-11-07,0.0
2019-11-08,0.0
2019-11-09,34.234966990124796
2019-11-10,0.0
2019-11-11,11.877437527186153
2019-11-12,16.768147097203983
2019-11-13,15.370801505770315
2019-11-14,0.0
2019-11-15,13.274783118619817
2019-11-16,0.0
2019-11-17,0.0
2019-11-18,0.0
2019-11-19,0.0
2019-11-20,0.0
2019-11-21,0.0
2019-11-22,0.0
2019-11-23,0.0
2019-11-24,0.0
2019-11-25,0.0
2019-11-26,21.65885666722181
2019-11-27,20.960183871504974
2019-11-28,14.672128710053483
2019-11-29,0.0
2019-11-30,0.0
2019-12-01,0.0
2019-12-02,0.0
2019-12-03,0.0
2019-12-04,12.576110322902986
2019-12-05,14.672128710053483
2019-12-06,32.138948602974295
2019-12-07,0.0
2019-12-08,0.0
2019-12-09,0.0
2019-12-10,13.274783118619817
2019-12-11,0.0
2019-12-12,51.00311408732878
2019-12-13,0.0
2019-12-14,0.0
2019-12-15,0.0
2019-12-16,27.248239032956466
2019-12-17,0.0
2019-12-18,22.35752946293864
2019-12-19,0.0
2019-12-20,0.0
2019-12-21,16.768147097203983
2019-12-22,0.0
2019-12-23,0.0
2019-12-24,0.0
2019-12-25,0.0
2019-12-26,0.0
2019-12-27,35.50939903269124
2019-12-28,22.320193677691638
2019-12-29,0.0
2019-12-30,0.0
2019-12-31,0.0
2020-01-01,33.48029051653745
2020-01-02,0.0
2020-01-03,0.0
2020-01-04,0.0
2020-01-05,14.203759613076498
2020-01-06,15.218313871153391
2020-01-07,16.740145258268726
2020-01-08,0.0
2020-01-09,0.0
2020-01-10,0.0
2020-01-11,0.0
2020-01-12,12.17465109692271
2020-01-13,0.0
2020-01-14,0.0
2020-01-15,0.0
2020-01-16,0.0
2020-01-17,0.0
2020-01-18,0.0
2020-01-19,0.0
2020-01-20,0.0
2020-01-21,0.0
2020-01-22,0.0
2020-01-23,0.0
2020-01-24,0.0
2020-01-25,0.0
2020-01-26,18.769253774422513
2020-01-27,0.0
2020-01-28,0.0
2020-01-29,0.0
2020-01-30,0.0
2020-01-31,17.75469951634562
2020-02-01,0.0
2020-02-02,0.0
2020-02-03,14.203759613076498
2020-02-04,0.0
2020-02-05,0.0
2020-02-06,22.320193677691638
2020-02-07,0.0
2020-02-08,0.0
2020-02-09,0.0
2020-02-10,0.0
2020-02-11,0.0
2020-02-12,0.0
2020-02-13,0.0
2020-02-14,0.0
2020-02-15,0.0
2020-02-16,0.0
2020-02-17,0.0
2020-02-18,0.0
2020-02-19,15.725591000191836
2020-02-20,19.783808032499408
2020-02-21,0.0
2020-02-22,18.769253774422513
2020-02-23,0.0
2020-02-24,29.92935061326833
2020-02-25,11.667373967884265
2020-02-26,0.0
2020-02-27,0.0
2020-02-28,0.0
2020-02-29,0.0
2020-03-01,0.0
2020-03-02,0.0
2020-03-03,12.17465109692271
2020-03-04,0.0
2020-03-05,0.0
2020-03-06,0.0
2020-03-07,0.0
2020-03-08,0.0
2020-03-09,10.145542580768927
2020-03-10,0.0
2020-03-11,0.0
2020-03-12,21.812916548653188
2020-03-13,0.0
2020-03-14,0.0
2020-03-15,26.378410709999205
2020-03-16,23.33474793576853
2020-03-17,19.27653090346096
2020-03-18,22.827470806730084
2020-03-19,50.72771290384463
2020-03-20,10.652819709807373
2020-03-21,0.0
2020-03-22,0.0
2020-03-23,12.17465109692271
2020-03-24,19.27653090346096
2020-03-25,42.10400171019105
2020-03-26,21.812916548653188
2020-03-27,20.7983622905763
2020-03-28,0.0
2020-03-29,16.232868129230283
2020-03-30,0.0
2020-03-31,0.0
2020-04-01,0.0
2020-04-02,0.0
2020-04-03,33.48029051653745
2020-04-04,26.378410709999205
2020-04-05,0.0
2020-04-06,0.0
2020-04-07,20.7983622905763
2020-04-08,0.0
2020-04-09,0.0
2020-04-10,18.769253774422513
2020-04-11,0.0
2020-04-12,27.3929649680761
2020-04-13,0.0
2020-04-14,0.0
2020-04-15,47.17677300057551
2020-04-16,11.667373967884265
2020-04-17,0.0
2020-04-18,15.218313871153391
2020-04-19,0.0
2020-04-20,0.0
2020-04-21,0.0
2020-04-22,40.07489319403726
2020-04-23,9.63826545173048
2020-04-24,20.291085161537854
2020-04-25,11.160096838845819
2020-04-26,14.711036742114942
2020-04-27,0.0
2020-04-28,0.0
2020-04-29,0.0
2020-04-30,15.725591000191836
2020-05-01,12.681928225961158
2020-05-02,0.0
2020-05-03,0.0
2020-05-04,13.189205354999602
2020-05-05,43.625833097306376
2020-05-06,16.740145258268726
2020-05-07,0.0
2020-05-08,0.0
2020-05-09,0.0
2020-05-10,0.0
2020-05-11,0.0
2020-05-12,0.0
2020-05-13,0.0
2020-05-14,0.0
2020-05-15,0.0
2020-05-16,13.69648248403805
2020-05-17,0.0
2020-05-18,0.0
2020-05-19,0.0
2020-05-20,0.0
2020-05-21,0.0
2020-05-22,0.0
2020-05-23,0.0
2020-05-24,35.00212190365279
2020-05-25,0.0
2020-05-26,0.0
2020-05-27,0.0
2020-05-28,14.711036742114942
2020-05-29,0.0
2020-05-30,0.0
2020-05-31,24.599688981896445
2020-06-01,0.0
2020-06-02,0.0
2020-06-03,15.654347533934102
2020-06-04,0.0
2020-06-05,0.0
2020-06-06,11.628943882351047
2020-06-07,0.0
2020-06-08,0.0
2020-06-09,0.0
2020-06-10,0.0
2020-06-11,10.734409737554813
2020-06-12,28.17782556108138
2020-06-13,15.207080461535988
2020-06-14,13.865279244341632
2020-06-15,0.0
2020-06-16,0.0
2020-06-17,24.15242190949833
2020-06-18,0.0
2020-06-19,0.0
2020-06-20,19.23248411311904
2020-06-21,0.0
2020-06-22,19.23248411311904
2020-06-23,0.0
2020-06-24,0.0
2020-06-25,0.0
2020-06-26,0.0
2020-06-27,21.916086547507742
2020-06-28,15.654347533934102
2020-06-29,0.0
2020-06-30,0.0
2020-07-01,0.0
2020-07-02,0.0
2020-07-03,17.44341582352657
2020-07-04,0.0
2020-07-05,20.57428533031339
2020-07-06,0.0
2020-07-07,0.0
2020-07-08,0.0
2020-07-09,0.0
2020-07-10,11.628943882351047
2020-07-11,44.726707239811724
2020-07-12,0.0
2020-07-13,0.0
2020-07-14,0.0
2020-07-15,10.734409737554813
2020-07-16,0.0
2020-07-17,0.0
2020-07-18,0.0
2020-07-19,18.785217040720926
2020-07-20,0.0
2020-07-21,0.0
2020-07-22,0.0
2020-07-23,12.52347802714728
2020-07-24,0.0
2020-07-25,0.0
2020-07-26,15.654347533934102
2020-07-27,0.0
2020-07-28,0.0
2020-07-29,0.0
2020-07-30,0.0
2020-07-31,0.0
2020-08-01,0.0
2020-08-02,29.966893850673852
2020-08-03,0.0
2020-08-04,0.0
2020-08-05,0.0
2020-08-06,0.0
2020-08-07,0.0
2020-08-08,0.0
2020-08-09,0.0
2020-08-10,0.0
2020-08-11,0.0
2020-08-12,0.0
2020-08-13,0.0
2020-08-14,0.0
2020-08-15,0.0
2020-08-16,0.0
2020-08-17,11.181676809952931
2020-08-18,0.0
2020-08-19,0.0
2020-08-20,0.0
2020-08-21,16.3424507222389
2020-08-22,14.622192751476911
2020-08-23,0.0
2020-08-24,12.041805795333927
2020-08-25,0.0
2020-08-26,0.0
2020-08-27,11.181676809952931
2020-08-28,0.0
2020-08-29,0.0
2020-08-30,0.0
2020-08-31,30.964643473715814
2020-09-01,0.0
2020-09-02,0.0
2020-09-03,0.0
2020-09-04,0.0
2020-09-05,0.0
2020-09-06,0.0
2020-09-07,0.0
2020-09-08,13.762063766095917
2020-09-09,0.0
2020-09-10,22.363353619905862
2020-09-11,0.0
2020-09-12,0.0
2020-09-13,0.0
2020-09-14,0.0
2020-09-15,23.223482605286858
2020-09-16,0.0
2020-09-17,0.0
2020-09-18,13.762063766095917
2020-09-19,0.0
2020-09-20,0.0
2020-09-21,0.0
2020-09-22,0.0
2020-09-23,0.0
2020-09-24,0.0
2020-09-25,0.0
2020-09-26,0.0
2020-09-27,0.0
2020-09-28,86.01289853809946
2020-09-29,0.0
2020-09-30,22.363353619905862
2020-10-01,0.0
2020-10-02,0.0
2020-10-03,0.0
2020-10-04,23.223482605286858
2020-10-05,0.0
2020-10-06,0.0
2020-10-07,0.0
2020-10-08,27.524127532191834
2020-10-09,0.0
2020-10-10,0.0
2020-10-11,0.0
2020-10-12,0.0
2020-10-13,0.0
2020-10-14,0.0
2020-10-15,0.0
2020-10-16,0.0
2020-10-17,13.762063766095917
2020-10-18,0.0
2020-10-19,0.0
2020-10-20,0.0
2020-10-21,0.0
2020-10-22,0.0
2020-10-23,0.0
2020-10-24,0.0
2020-10-25,0.0
2020-10-26,0.0
2020-10-27,19.78296666376288
2020-10-28,0.0
2020-10-29,0.0
2020-10-30,21.503224634524866
2020-10-31,14.622192751476911
2020-11-01,0.0
2020-11-02,0.0
2020-11-03,24.94374057604885
2020-11-04,0.0
2020-11-05,22.363353619905862
2020-11-06,0.0
2020-11-07,0.0
2020-11-08,0.0
2020-11-09,0.0
2020-11-10,59.17012797801174
2020-11-11,26.62655759010529
2020-11-12,34.31867422724682
2020-11-13,16.56763583384329
2020-11-14,0.0
2020-11-15,0.0
2020-11-16,17.751038393403526
2020-11-17,0.0
2020-11-18,0.0
2020-11-19,11.242324315822232
2020-11-20,0.0
2020-11-21,14.20083071472282
2020-11-22,0.0
2020-11-23,0.0
2020-11-24,0.0
2020-11-25,24.259752470984814
2020-11-26,0.0
2020-11-27,0.0
2020-11-28,0.0
2020-11-29,15.975934554063173
2020-11-30,0.0
2020-12-01,0.0
2020-12-02,26.034856310325168
2020-12-03,21.30124607208423
2020-12-04,0.0
2020-12-05,0.0
2020-12-06,0.0
2020-12-07,0.0
2020-12-08,17.751038393403526
2020-12-09,0.0
2020-12-10,0.0
2020-12-11,0.0
2020-12-12,0.0
2020-12-13,0.0
2020-12-14,0.0
2020-12-15,0.0
2020-12-16,0.0
2020-12-17,0.0
2020-12-18,0.0
2020-12-19,0.0
2020-12-20,0.0
2020-12-21,0.0
2020-12-22,0.0
2020-12-23,29.58506398900587
2020-12-24,0.0
2020-12-25,0.0
2020-12-26,13.609129434942702
2020-12-27,0.0
2020-12-28,0.0
2020-12-29,0.0
2020-12-30,0.0
2020-12-31,0.0
2021-01-01,0.0
2021-01-02,0.0
2021-01-03,0.0
2021-01-04,24.259752470984814
2021-01-05,0.0
2021-01-06,0.0
2021-01-07,0.0
2021-01-08,0.0
2021-01-09,14.792531994502935
2021-01-10,16.56763583384329
2021-01-11,0.0
2021-01-12,33.72697294746669
2021-01-13,49.70290750152987
2021-01-14,0.0
2021-01-15,0.0
2021-01-16,21.892947351864343
2021-01-17,0.0
2021-01-18,0.0
2021-01-19,0.0
2021-01-20,0.0
2021-01-21,0.0
2021-01-22,0.0
2021-01-23,0.0
2021-01-24,0.0
2021-01-25,0.0
2021-01-26,0.0
2021-01-27,39.80535882157154
2021-01-28,0.0
2021-01-29,25.8734832340215
2021-01-30,0.0
2021-01-31,0.0
2021-02-01,16.32019711684433
2021-02-02,0.0
2021-02-03,27.863751175100077
2021-02-04,0.0
2021-02-05,0.0
2021-02-06,21.096840175432916
2021-02-07,16.32019711684433
2021-02-08,0.0
2021-02-09,0.0
2021-02-10,0.0
2021-02-11,0.0
2021-02-12,0.0
2021-02-13,0.0
2021-02-14,0.0
2021-02-15,0.0
2021-02-16,0.0
2021-02-17,0.0
2021-02-18,15.922143528628613
2021-02-19,0.0
2021-02-20,29.854019116178655
2021-02-21,13.135768411118606
2021-02-22,24.679322469374355
2021-02-23,0.0
2021-02-24,0.0
2021-02-25,16.32019711684433
2021-02-26,14.329929175765754
2021-02-27,0.0
2021-02-28,0.0
2021-03-01,0.0
2021-03-02,0.0
2021-03-03,0.0
2021-03-04,10.747446881824315
2021-03-05,0.0
2021-03-06,0.0
2021-03-07,15.922143528628613
2021-03-08,0.0
2021-03-09,0.0
2021-03-10,26.271536822237213
2021-03-11,0.0
2021-03-12,21.096840175432916
2021-03-13,0.0
2021-03-14,0.0
2021-03-15,0.0
2021-03-16,0.0
2021-03-17,0.0
2021-03-18,0.0
2021-03-19,0.0
2021-03-20,0.0
2021-03-21,37.41703729227724
2021-03-22,0.0
2021-03-23,14.727982763981467
2021-03-24,0.0
2021-03-25,0.0
2021-03-26,0.0
2021-03-27,0.0
2021-03-28,15.126036352197184
2021-03-29,0.0
2021-03-30,0.0
2021-03-31,12.737714822902893
2021-04-01,0.0
2021-04-02,0.0
2021-04-03,0.0
2021-04-04,0.0
2021-04-05,0.0
2021-04-06,0.0
2021-04-07,15.126036352197184
2021-04-08,0.0
2021-04-09,0.0
2021-04-10,0.0
2021-04-11,0.0
2021-04-12,10.747446881824315
2021-04-13,0.0
2021-04-14,24.679322469374355
2021-04-15,12.814894970362237
2021-04-16,0.0
2021-04-17,0.0
2021-04-18,0.0
2021-04-19,0.0
2021-04-20,16.611900887506604
2021-04-21,0.0
2021-04-22,13.764146449648326
2021-04-23,0.0
2021-04-24,39.3939363903728
2021-04-25,42.24169082823107
2021-04-26,12.340269230719189
2021-04-27,0.0
2021-04-28,0.0
2021-04-29,0.0
2021-04-30,12.814894970362237
2021-05-01,0.0
2021-05-02,0.0
2021-05-03,10.916392011790052
2021-05-04,0.0
2021-05-05,0.0
2021-05-06,0.0
2021-05-07,25.155164201081426
2021-05-08,0.0
2021-05-09,0.0
2021-05-10,0.0
2021-05-11,0.0
2021-05-12,0.0
2021-05-13,0.0
2021-05-14,0.0
2021-05-15,0.0
2021-05-16,0.0
2021-05-17,0.0
2021-05-18,10.916392011790052
2021-05-19,0.0
2021-05-20,0.0
2021-05-21,0.0
2021-05-22,46.513322485018485
2021-05-23,0.0
2021-05-24,0.0
2021-05-25,0.0
2021-05-26,0.0
2021-05-27,0.0
2021-05-28,0.0
2021-05-29,11.391017751433099
2021-05-30,0.0
2021-05-31,0.0
2021-06-01,0.0
2021-06-02,0.0
2021-06-03,0.0
2021-06-04,0.0
2021-06-05,36.07155621287148
2021-06-06,14.713397928934418
2021-06-07,17.561152366792694
2021-06-08,0.0
2021-06-09,13.28952071000528
2021-06-10,47.462573964304575
2021-06-11,0.0
2021-06-12,0.0
2021-06-13,0.0
2021-06-14,21.832784023580103
2021-06-15,0.0
2021-06-16,30.376047337154926
2021-06-17,27.05366715965361
2021-06-18,0.0
2021-06-19,14.713397928934418
2021-06-20,0.0
2021-06-21,14.238772189291371
2021-06-22,0.0
2021-06-23,29.901421597511884
2021-06-24,0.0
2021-06-25,10.441766272147007
2021-06-26,0.0
2021-06-27,43.66556804716021
2021-06-28,26.57904142001056
2021-06-29,0.0
2021-06-30,10.441766272147007
2021-07-01,0.0
2021-07-02,0.0
2021-07-03,11.865643491076144
2021-07-04,0.0
2021-07-05,14.731360077198433
2021-07-06,0.0
2021-07-07,0.0
2021-07-08,0.0
2021-07-09,0.0
2021-07-10,0.0
2021-07-11,0.0
2021-07-12,0.0
2021-07-13,24.26341659773859
2021-07-14,0.0
2021-07-15,35.9618496002197
2021-07-16,0.0
2021-07-17,33.79547311827875
2021-07-18,24.69669189412678
2021-07-19,0.0
2021-07-20,0.0
2021-07-21,12.564983595257484
2021-07-22,0.0
2021-07-23,0.0
2021-07-24,0.0
2021-07-25,0.0
2021-07-26,16.031185966362997
2021-07-27,0.0
2021-07-28,0.0
2021-07-29,0.0
2021-07-30,16.897736559139375
2021-07-31,0.0
2021-08-01,0.0
2021-08-02,0.0
2021-08-03,0.0
2021-08-04,0.0
2021-08-05,0.0
2021-08-06,0.0
2021-08-07,0.0
2021-08-08,0.0
2021-08-09,0.0
2021-08-10,0.0
2021-08-11,0.0
2021-08-12,0.0
2021-08-13,0.0
2021-08-14,12.998258891645673
2021-08-15,0.0
2021-08-16,0.0
2021-08-17,0.0
2021-08-18,0.0
2021-08-19,0.0
2021-08-20,0.0
2021-08-21,19.49738833746851
2021-08-22,0.0
2021-08-23,29.462720154396866
2021-08-24,0.0
2021-08-25,0.0
2021-08-26,0.0
2021-08-27,0.0
2021-08-28,0.0
2021-08-29,31.19582133994962
2021-08-30,27.296343672455915
2021-08-31,0.0
2021-09-01,0.0
2021-09-02,0.0
2021-09-03,0.0
2021-09-04,0.0
2021-09-05,0.0
2021-09-06,0.0
2021-09-07,0.0
2021-09-08,0.0
2021-09-09,0.0
2021-09-10,40.29460256410158
2021-09-11,0.0
2021-09-12,0.0
2021-09-13,17.764287151915752
2021-09-14,0.0
2021-09-15,0.0
2021-09-16,12.131708298869295
2021-09-17,26.863068376067726
2021-09-18,0.0
2021-09-19,0.0
2021-09-20,0.0
2021-09-21,0.0
2021-09-22,0.0
2021-09-23,14.692311809746158
2021-09-24,14.692311809746158
2021-09-25,0.0
2021-09-26,0.0
2021-09-27,12.020982389792312
2021-09-28,0.0
2021-09-29,0.0
2021-09-30,12.020982389792312
2021-10-01,14.692311809746158
2021-10-02,0.0
2021-10-03,0.0
2021-10-04,0.0
2021-10-05,0.0
2021-10-06,0.0
2021-10-07,0.0
2021-10-08,0.0
2021-10-09,0.0
2021-10-10,0.0
2021-10-11,24.709797134573083
2021-10-12,0.0
2021-10-13,0.0
2021-10-14,0.0
2021-10-15,0.0
2021-10-16,0.0
2021-10-17,17.363641229700004
2021-10-18,0.0
2021-10-19,0.0
2021-10-20,22.7063000696077
2021-10-21,0.0
2021-10-22,0.0
2021-10-23,0.0
2021-10-24,0.0
2021-10-25,26.04546184455001
2021-10-26,0.0
2021-10-27,0.0
2021-10-28,20.034970649653854
2021-10-29,0.0
2021-10-30,0.0
2021-10-31,62.7762413689154
2021-11-01,22.7063000696077
2021-11-02,0.0
2021-11-03,0.0
2021-11-04,0.0
2021-11-05,0.0
2021-11-06,24.709797134573083
2021-11-07,18.69930593967693
2021-11-08,0.0
2021-11-09,0.0
2021-11-10,0.0
2021-11-11,24.041964779584625
2021-11-12,0.0
2021-11-13,0.0
2021-11-14,0.0
2021-11-15,0.0
2021-11-16,66.78323549884617
2021-11-17,0.0
2021-11-18,0.0
2021-11-19,17.363641229700004
2021-11-20,0.0
2021-11-21,0.0
2021-11-22,0.0
2021-11-23,0.0
2021-11-24,0.0
2021-11-25,17.363641229700004
2021-11-26,14.692311809746158
2021-11-27,0.0
2021-11-28,0.0
2021-11-29,0.0
2021-11-30,0.0
2021-12-01,13.356647099769233
2021-12-02,0.0
2021-12-03,16.027976519723083
2021-12-04,16.027976519723083
2021-12-05,0.0
2021-12-06,0.0
2021-12-07,0.0
2021-12-08,14.692311809746158
2021-12-09,0.0
2021-12-10,23.374132424596162
2021-12-11,0.0
2021-12-12,17.34200185216029
2021-12-13,0.0
2021-12-14,0.0
2021-12-15,0.0
2021-12-16,0.0
2021-12-17,0.0
2021-12-18,0.0
2021-12-19,19.35851369543474
2021-12-20,0.0
2021-12-21,30.24767764911679
2021-12-22,0.0
2021-12-23,16.938699483505403
2021-12-24,14.92218764023095
2021-12-25,0.0
2021-12-26,0.0
2021-12-27,27.827863437187446
2021-12-28,27.021258699877666
2021-12-29,0.0
2021-12-30,0.0
2021-12-31,17.34200185216029
2022-01-01,12.502373428301608
2022-01-02,16.132094746195623
2022-01-03,0.0
2022-01-04,0.0
2022-01-05,14.11558290292117
2022-01-06,40.330236865489056
2022-01-07,0.0
2022-01-08,0.0
2022-01-09,0.0
2022-01-10,24.19814211929343
2022-01-11,0.0
2022-01-12,0.0
2022-01-13,26.617956331222775
2022-01-14,0.0
2022-01-15,0.0
2022-01-16,0.0
2022-01-17,0.0
2022-01-18,0.0
2022-01-19,16.53539711485051
2022-01-20,13.308978165611387
2022-01-21,22.18163027601898
2022-01-22,0.0
2022-01-23,0.0
2022-01-24,0.0
2022-01-25,0.0
2022-01-26,0.0
2022-01-27,0.0
2022-01-28,18.55190895812496
2022-01-29,18.955211326779853
2022-01-30,0.0
2022-01-31,18.55190895812496
2022-02-01,0.0
2022-02-02,18.148606589470074
2022-02-03,12.099071059646715
2022-02-04,0.0
2022-02-05,0.0
2022-02-06,12.905675796956498
2022-02-07,0.0
2022-02-08,0.0
2022-02-09,14.92218764023095
2022-02-10,0.0
2022-02-11,0.0
2022-02-12,0.0
2022-02-13,0.0
2022-02-14,0.0
2022-02-15,0.0
2022-02-16,0.0
2022-02-17,0.0
2022-02-18,9.67925684771737
2022-02-19,13.308978165611387
2022-02-20,0.0
2022-02-21,0.0
2022-02-22,24.19814211929343
2022-02-23,0.0
2022-02-24,0.0
2022-02-25,0.0
2022-02-26,0.0
2022-02-27,10.485861585027154
2022-02-28,0.0
2022-03-01,0.0
2022-03-02,24.218510925791158
2022-03-03,0.0
2022-03-04,14.04673633695887
2022-03-05,15.98421721102216
2022-03-06,0.0
2022-03-07,12.5936256814114
2022-03-08,0.0
2022-03-09,0.0
2022-03-10,0.0
2022-03-11,0.0
2022-03-12,0.0
2022-03-13,0.0
2022-03-14,0.0
2022-03-15,7.749923496253169
2022-03-16,0.0
2022-03-17,0.0
2022-03-18,0.0
2022-03-19,27.609102455401917
2022-03-20,0.0
2022-03-21,31.96843442204432
2022-03-22,12.109255462895579
2022-03-23,0.0
2022-03-24,8.718663933284816
2022-03-25,0.0
2022-03-26,10.656144807348108
2022-03-27,8.234293714768993
2022-03-28,10.171774588832285
2022-03-29,0.0
2022-03-30,0.0
2022-03-31,0.0
2022-04-01,0.0
2022-04-02,0.0
2022-04-03,11.624885244379755
2022-04-04,22.76540027024369
2022-04-05,0.0
2022-04-06,12.5936256814114
2022-04-07,0.0
2022-04-08,0.0
2022-04-09,24.218510925791158
2022-04-10,0.0
2022-04-11,0.0
2022-04-12,0.0
2022-04-13,0.0
2022-04-14,10.171774588832285
2022-04-15,11.624885244379755
2022-04-16,14.04673633695887
2022-04-17,10.656144807348108
2022-04-18,0.0
2022-04-19,15.499846992506338
2022-04-20,0.0
2022-04-21,20.82791939618039
2022-04-22,0.0
2022-04-23,0.0
2022-04-24,0.0
2022-04-25,0.0
2022-04-26,0.0
2022-04-27,10.171774588832285
2022-04-28,19.374808740632922
2022-04-29,6.781183059221524
2022-04-30,10.656144807348108
2022-05-01,7.265553277737347
2022-05-02,0.0
2022-05-03,8.718663933284816
2022-05-04,7.749923496253169
2022-05-05,0.0
2022-05-06,0.0
2022-05-07,0.0
2022-05-08,0.0
2022-05-09,0.0
2022-05-10,0.0
2022-05-11,48.437021851582315
2022-05-12,0.0
2022-05-13,28.09347267391774
2022-05-14,0.0
2022-05-15,8.718663933284816
2022-05-16,12.109255462895579
2022-05-17,0.0
2022-05-18,0.0
2022-05-19,0.0
2022-05-20,0.0
2022-05-21,0.0
2022-05-22,13.077995899927226
2022-05-23,9.203034151800638
2022-05-24,12.5936256814114
2022-05-25,7.749923496253169
2022-05-26,0.0
2022-05-27,11.140515025863932
2022-05-28,19.374808740632922
2022-05-29,8.718663933284816
2022-05-30,0.0
2022-05-31,11.140515025863932
2022-06-01,13.077995899927226
2022-06-02,32.45280464056015
2022-06-03,0.0
2022-06-04,0.0
2022-06-05,11.624885244379755
2022-06-06,0.0
2022-06-07,0.0
2022-06-08,0.0
2022-06-09,0.0
2022-06-10,33.90591529610762
2022-06-11,0.0
2022-06-12,11.624885244379755
2022-06-13,0.0
2022-06-14,12.5936256814114
2022-06-15,0.0
2022-06-16,11.140515025863932
2022-06-17,19.85917895914875
2022-06-18,16.95295764805381
2022-06-19,0.0
2022-06-20,0.0
2022-06-21,0.0
2022-06-22,20.34354917766457
2022-06-23,14.04673633695887
2022-06-24,0.0
2022-06-25,0.0
2022-06-26,0.0
2022-06-27,0.0
2022-06-28,22.76540027024369
2022-06-29,0.0
2022-06-30,0.0
2022-07-01,0.0
2022-07-02,23.73414070727533
2022-07-03,0.0
2022-07-04,10.171774588832285
2022-07-05,0.0
2022-07-06,14.04673633695887
2022-07-07,20.34354917766457
2022-07-08,0.0
2022-07-09,23.73414070727533
2022-07-10,0.0
2022-07-11,14.531106555474693
2022-07-12,10.656144807348108
2022-07-13,22.281030051727864
2022-07-14,0.0
2022-07-15,0.0
2022-07-16,10.171774588832285
2022-07-17,14.04673633695887
2022-07-18,0.0
2022-07-19,10.656144807348108
2022-07-20,12.109255462895579
2022-07-21,0.0
2022-07-22,0.0
2022-07-23,0.0
2022-07-24,0.0
2022-07-25,0.0
2022-07-26,0.0
2022-07-27,0.0
2022-07-28,0.0
2022-07-29,0.0
2022-07-30,0.0
2022-07-31,0.0
2022-08-01,0.0
2022-08-02,0.0
2022-08-03,16.95295764805381
2022-08-04,17.92169808508546
2022-08-05,8.234293714768993
2022-08-06,39.23398769978167
2022-08-07,22.76540027024369
2022-08-08,0.0
2022-08-09,9.955527160047636
2022-08-10,10.408051121867981
2022-08-11,0.0
2022-08-12,0.0
2022-08-13,13.575718854610411
2022-08-14,0.0
2022-08-15,10.408051121867981
2022-08-16,0.0
2022-08-17,16.74338658735284
2022-08-18,0.0
2022-08-19,0.0
2022-08-20,0.0
2022-08-21,0.0
2022-08-22,17.648434510993535
2022-08-23,0.0
2022-08-24,18.553482434634226
2022-08-25,13.575718854610411
2022-08-26,0.0
2022-08-27,0.0
2022-08-28,9.503003198227287
2022-08-29,0.0
2022-08-30,11.765623007329024
2022-08-31,0.0
2022-09-01,9.050479236406941
2022-09-02,0.0
2022-09-03,0.0
2022-09-04,0.0
2022-09-05,0.0
2022-09-06,0.0
2022-09-07,14.028242816430758
2022-09-08,0.0
2022-09-09,0.0
2022-09-10,11.313099045508675
2022-09-11,0.0
2022-09-12,0.0
2022-09-13,0.0
2022-09-14,0.0
2022-09-15,0.0
2022-09-16,0.0
2022-09-17,0.0
2022-09-18,22.62619809101735
2022-09-19,0.0
2022-09-20,0.0
2022-09-21,9.050479236406941
2022-09-22,0.0
2022-09-23,0.0
2022-09-24,0.0
2022-09-25,0.0
2022-09-26,0.0
2022-09-27,0.0
2022-09-28,24.88881790011909
2022-09-29,12.670670930969715
2022-09-30,14.028242816430758
2022-10-01,0.0
2022-10-02,0.0
2022-10-03,15.385814701891798
2022-10-04,0.0
2022-10-05,9.503003198227287
2022-10-06,11.313099045508675
2022-10-07,17.648434510993535
2022-10-08,8.597955274586594
2022-10-09,0.0
2022-10-10,11.765623007329024
2022-10-11,0.0
2022-10-12,11.765623007329024
2022-10-13,14.480766778251105
2022-10-14,12.21814696914937
2022-10-15,8.597955274586594
2022-10-16,0.0
2022-10-17,0.0
2022-10-18,18.100958472813883
2022-10-19,0.0
2022-10-20,11.313099045508675
2022-10-21,9.955527160047636
2022-10-22,0.0
2022-10-23,45.2523961820347
2022-10-24,9.050479236406941
2022-10-25,0.0
2022-10-26,8.597955274586594
2022-10-27,0.0
2022-10-28,0.0
2022-10-29,0.0
2022-10-30,0.0
2022-10-31,25.04480943554148
2022-11-01,33.57070200934283
2022-11-02,0.0
2022-11-03,14.387443718289786
2022-11-04,0.0
2022-11-05,0.0
2022-11-06,0.0
2022-11-07,0.0
2022-11-08,7.993024287938772
2022-11-09,13.854575432427202
2022-11-10,0.0
2022-11-11,0.0
2022-11-12,0.0
2022-11-13,0.0
2022-11-14,7.460156002076186
2022-11-15,12.255970574839449
2022-11-16,0.0
2022-11-17,0.0
2022-11-18,0.0
2022-11-19,0.0
2022-11-20,0.0
2022-11-21,0.0
2022-11-22,0.0
2022-11-23,0.0
2022-11-24,10.124497431389107
2022-11-25,0.0
2022-11-26,0.0
2022-11-27,53.28682858625847
2022-11-28,0.0
2022-11-29,13.854575432427202
2022-11-30,0.0
2022-12-01,8.525892573801356
2022-12-02,0.0
2022-12-03,0.0
2022-12-04,0.0
2022-12-05,0.0
2022-12-06,0.0
2022-12-07,22.91333629209114
2022-12-08,19.183258291053047
2022-12-09,10.124497431389107
2022-12-10,0.0
2022-12-11,0.0
2022-12-12,0.0
2022-12-13,0.0
2022-12-14,11.190234003114279
2022-12-15,0.0
2022-12-16,0.0
2022-12-17,0.0
2022-12-18,0.0
2022-12-19,9.591629145526523
2022-12-20,0.0
2022-12-21,0.0
2022-12-22,0.0
2022-12-23,0.0
2022-12-24,18.11752171932788
2022-12-25,15.986048575877543
2022-12-26,18.11752171932788
2022-12-27,17.05178514760271
2022-12-28,18.11752171932788
2022-12-29,9.05876085966394
2022-12-30,21.31473143450339
2022-12-31,0.0
2023-01-01,18.11752171932788
2023-01-02,0.0
2023-01-03,24.511941149678897
2023-01-04,15.453180290014956
2023-01-05,0.0
2023-01-06,11.723102288976865
2023-01-07,11.723102288976865
2023-01-08,27.176282578991824
2023-01-09,0.0
2023-01-10,0.0
2023-01-11,13.321707146564618
2023-01-12,0.0
2023-01-13,18.650390005190467
2023-01-14,0.0
2023-01-15,38.76092730668402
2023-01-16,0.0
2023-01-17,0.0
2023-01-18,0.0
2023-01-19,0.0
2023-01-20,0.0
2023-01-21,0.0
2023-01-22,19.638869835386572
2023-01-23,14.98755855858449
2023-01-24,0.0
2023-01-25,0.0
2023-01-26,0.0
2023-01-27,9.819434917693286
2023-01-28,0.0
2023-01-29,0.0
2023-01-30,0.0
2023-01-31,0.0
2023-02-01,0.0
2023-02-02,0.0
2023-02-03,0.0
2023-02-04,12.920309102228005
2023-02-05,25.32380584036689
2023-02-06,0.0
2023-02-07,0.0
2023-02-08,0.0
2023-02-09,0.0
2023-02-10,0.0
2023-02-11,0.0
2023-02-12,8.785810189515047
2023-02-13,0.0
2023-02-14,0.0
2023-02-15,0.0
2023-02-16,10.853059645871527
2023-02-17,7.752185461336804
2023-02-18,24.290181112188655
2023-02-19,0.0
2023-02-20,10.853059645871527
2023-02-21,0.0
2023-02-22,0.0
2023-02-23,17.571620379030094
2023-02-24,0.0
2023-02-25,0.0
2023-02-26,0.0
2023-02-27,0.0
2023-02-28,10.853059645871527
2023-03-01,0.0
2023-03-02,0.0
2023-03-03,11.886684374049766
2023-03-04,0.0
2023-03-05,0.0
2023-03-06,51.68123640891202
2023-03-07,0.0
2023-03-08,0.0
2023-03-09,0.0
2023-03-10,22.222931655832173
2023-03-11,0.0
2023-03-12,14.470746194495367
2023-03-13,10.853059645871527
2023-03-14,14.470746194495367
2023-03-15,21.18930692765393
2023-03-16,33.592803665792815
2023-03-17,28.941492388990735
2023-03-18,0.0
2023-03-19,19.638869835386572
2023-03-20,11.886684374049766
2023-03-21,13.437121466317128
2023-03-22,0.0
2023-03-23,0.0
2023-03-24,0.0
2023-03-25,17.571620379030094
2023-03-26,37.21049021441666
2023-03-27,17.05480801494097
2023-03-28,9.302622553604165
2023-03-29,13.437121466317128
2023-03-30,0.0
2023-03-31,9.819434917693286
2023-04-01,0.0
2023-04-02,0.0
2023-04-03,22.222931655832173
2023-04-04,0.0
2023-04-05,0.0
2023-04-06,0.0
2023-04-07,0.0
2023-04-08,9.351342655082053
2023-04-09,14.962148248131285
2023-04-10,0.0
2023-04-11,0.0
2023-04-12,36.657263207921645
2023-04-13,0.0
2023-04-14,0.0
2023-04-15,0.0
2023-04-16,0.0
2023-04-17,18.702685310164107
2023-04-18,0.0
2023-04-19,8.229181536472206
2023-04-20,0.0
2023-04-21,0.0
2023-04-22,0.0
2023-04-23,0.0
2023-04-24,0.0
2023-04-25,16.832416779147696
2023-04-26,0.0
2023-04-27,23.191329784603493
2023-04-28,0.0
2023-04-29,9.351342655082053
2023-04-30,0.0
2023-05-01,0.0
2023-05-02,0.0
2023-05-03,13.091879717114875
2023-05-04,0.0
2023-05-05,0.0
2023-05-06,0.0
2023-05-07,10.473503773691899
2023-05-08,8.97728894887877
2023-05-09,22.069168665993647
2023-05-10,0.0
2023-05-11,0.0
2023-05-12,0.0
2023-05-13,22.443222372196928
2023-05-14,10.473503773691899
2023-05-15,0.0
2023-05-16,0.0
2023-05-17,0.0
2023-05-18,33.66483355829539
2023-05-19,0.0
2023-05-20,0.0
2023-05-21,18.328631603960822
2023-05-22,8.97728894887877
2023-05-23,19.45079272257067
2023-05-24,8.97728894887877
2023-05-25,0.0
2023-05-26,15.336201954334566
2023-05-27,0.0
2023-05-28,0.0
2023-05-29,0.0
2023-05-30,0.0
2023-05-31,0.0
2023-06-01,0.0
2023-06-02,11.969718598505027
2023-06-03,0.0
2023-06-04,0.0
2023-06-05,0.0
2023-06-06,7.481074124065643
2023-06-07,0.0
2023-06-08,0.0
2023-06-09,0.0
2023-06-10,8.60323524267549
2023-06-11,31.046457614872413
2023-06-12,0.0
2023-06-13,0.0
2023-06-14,0.0
2023-06-15,0.0
2023-06-16,0.0
2023-06-17,13.465933423318157
2023-06-18,16.45836307294441
2023-06-19,8.229181536472206
2023-06-20,17.20647048535098
2023-06-21,18.328631603960822
2023-06-22,0.0
2023-06-23,16.45836307294441
2023-06-24,0.0
2023-06-25,0.0
2023-06-26,27.48437702397843
2023-06-27,0.0
2023-06-28,9.069844417912881
2023-06-29,11.54343835007094
2023-06-30,24.186251781101017
2023-07-01,0.0
