Date,VIXTWN
2006/12/1,18.04
2006/12/4,20.93
2006/12/5,20.06
2006/12/6,18.57
2006/12/7,19.48
2006/12/8,20.94
2006/12/11,19.47
2006/12/12,19.27
2006/12/13,18.93
2006/12/14,18.11
2006/12/15,18.01
2006/12/18,17.12
2006/12/19,16.62
2006/12/20,16.57
2006/12/21,18.18
2006/12/22,17.58
2006/12/25,17.26
2006/12/26,17.09
2006/12/27,16.71
2006/12/28,16.91
2006/12/29,16.04
2007/1/2,15.97
2007/1/3,16.56
2007/1/4,17.14
2007/1/5,16.35
2007/1/8,16.04
2007/1/9,15.22
2007/1/10,15.41
2007/1/11,16.39
2007/1/12,15.49
2007/1/15,17.05
2007/1/16,16.91
2007/1/17,16.79
2007/1/18,11.74
2007/1/19,13.09
2007/1/22,14.19
2007/1/23,14.33
2007/1/24,13.21
2007/1/25,14.18
2007/1/26,14.87
2007/1/29,15.09
2007/1/30,15.08
2007/1/31,15.39
2007/2/1,15.65
2007/2/2,15.53
2007/2/5,15.82
2007/2/6,15.55
2007/2/7,15.89
2007/2/8,16.81
2007/2/9,16.01
2007/2/12,17.07
2007/2/13,17.1
2007/2/14,16.67
2007/2/26,16.23
2007/2/27,15.86
2007/3/1,18.73
2007/3/2,17.5
2007/3/3,17.87
2007/3/5,20.29
2007/3/6,19.16
2007/3/7,18.2
2007/3/8,16.91
2007/3/9,16.96
2007/3/12,16.91
2007/3/13,16.78
2007/3/14,19.46
2007/3/15,17.77
2007/3/16,19.28
2007/3/19,20.14
2007/3/20,20.53
2007/3/21,19.79
2007/3/22,18.45
2007/3/23,18.19
2007/3/26,17.94
2007/3/27,18.59
2007/3/28,19.6
2007/3/29,18.9
2007/3/30,18.49
2007/4/2,18.42
2007/4/3,17.94
2007/4/4,17.23
2007/4/9,17.03
2007/4/10,16.67
2007/4/11,16.34
2007/4/12,16.01
2007/4/13,16.16
2007/4/14,15.86
2007/4/16,17
2007/4/17,18.32
2007/4/18,17.43
2007/4/19,18.12
2007/4/20,17.08
2007/4/23,16.76
2007/4/24,16.34
2007/4/25,16.41
2007/4/26,16.17
2007/4/27,16.32
2007/4/30,16.61
2007/5/2,16.02
2007/5/3,15.91
2007/5/4,15.91
2007/5/7,16.43
2007/5/8,16.65
2007/5/9,16.31
2007/5/10,15.5
2007/5/11,16.55
2007/5/14,16.86
2007/5/15,16.55
2007/5/16,16.38
2007/5/17,16.22
2007/5/18,16.25
2007/5/21,15.22
2007/5/22,14.54
2007/5/23,14.06
2007/5/24,14.62
2007/5/25,14.6
2007/5/28,14.38
2007/5/29,14.39
2007/5/30,14.98
2007/5/31,14.3
2007/6/1,14.18
2007/6/4,15.22
2007/6/5,15.45
2007/6/6,16.08
2007/6/7,15.78
2007/6/8,16.3
2007/6/11,15.81
2007/6/12,15.15
2007/6/13,15.61
2007/6/14,14.77
2007/6/15,16.53
2007/6/20,19.82
2007/6/21,21.06
2007/6/22,21.82
2007/6/23,21.07
2007/6/25,21.5
2007/6/26,20.83
2007/6/27,20.03
2007/6/28,19.67
2007/6/29,18.91
2007/7/2,19.36
2007/7/3,19.53
2007/7/4,19.96
2007/7/5,20.85
2007/7/6,21.02
2007/7/9,23.15
2007/7/10,23.45
2007/7/11,21.34
2007/7/12,21.72
2007/7/13,22.18
2007/7/16,22.36
2007/7/17,21.4
2007/7/18,21.05
2007/7/19,19.57
2007/7/20,19.42
2007/7/23,20.45
2007/7/24,20.54
2007/7/25,21.55
2007/7/26,23.24
2007/7/27,34.39
2007/7/30,34.23
2007/7/31,27.69
2007/8/1,36.26
2007/8/2,32.83
2007/8/3,30.2
2007/8/6,31.16
2007/8/7,30.22
2007/8/8,27.64
2007/8/9,27.16
2007/8/10,34.51
2007/8/13,31.29
2007/8/14,30.74
2007/8/15,30.72
2007/8/16,44.5
2007/8/17,43.05
2007/8/20,39.34
2007/8/21,38.07
2007/8/22,35.12
2007/8/23,33.45
2007/8/24,32.9
2007/8/27,33.12
2007/8/28,32.98
2007/8/29,33.69
2007/8/30,32.51
2007/8/31,33.61
2007/9/3,34.11
2007/9/4,34.06
2007/9/5,34.07
2007/9/6,32.83
2007/9/7,32.63
2007/9/10,34.09
2007/9/11,33.42
2007/9/12,32.84
2007/9/13,32.79
2007/9/14,31.82
2007/9/17,32.62
2007/9/19,31.12
2007/9/20,28.2
2007/9/21,27.29
2007/9/26,25.5
2007/9/27,25.96
2007/9/28,26.8
2007/9/29,25.56
2007/10/1,26.01
2007/10/2,26.91
2007/10/3,28.29
2007/10/4,29.13
2007/10/5,27.61
2007/10/8,27.07
2007/10/9,27.54
2007/10/11,26.06
2007/10/12,28.05
2007/10/15,27.68
2007/10/16,28.56
2007/10/17,28.67
2007/10/18,26.78
2007/10/19,26.9
2007/10/22,30.24
2007/10/23,27.77
2007/10/24,28.74
2007/10/25,28.03
2007/10/26,27.69
2007/10/29,28.56
2007/10/30,29.43
2007/10/31,29.86
2007/11/1,28.7
2007/11/2,32.26
2007/11/5,31.47
2007/11/6,31.1
2007/11/7,30.64
2007/11/8,34.06
2007/11/9,31.83
2007/11/12,35.71
2007/11/13,33.02
2007/11/14,31.61
2007/11/15,32.07
2007/11/16,31.86
2007/11/19,28.71
2007/11/20,29.3
2007/11/21,29.5
2007/11/22,33.86
2007/11/23,34.04
2007/11/26,33.58
2007/11/27,34.98
2007/11/28,34.71
2007/11/29,33.38
2007/11/30,32.13
2007/12/3,31.84
2007/12/4,30.16
2007/12/5,29.99
2007/12/6,29.53
2007/12/7,29.46
2007/12/10,30.91
2007/12/11,29.89
2007/12/12,29.07
2007/12/13,30.79
2007/12/14,31.45
2007/12/17,33.49
2007/12/18,34.82
2007/12/19,28.98
2007/12/20,31.17
2007/12/21,31.88
2007/12/24,32.84
2007/12/25,32.55
2007/12/26,33.65
2007/12/27,33.36
2007/12/28,29.9
2007/12/31,28.5
2008/1/2,28.48
2008/1/3,29.2
2008/1/4,29
2008/1/7,30.13
2008/1/8,28.8
2008/1/9,30.74
2008/1/10,30.53
2008/1/11,30.98
2008/1/14,30.79
2008/1/15,34.13
2008/1/16,34.54
2008/1/17,34.21
2008/1/18,34.2
2008/1/21,33.45
2008/1/22,34.87
2008/1/23,34.98
2008/1/24,36.55
2008/1/25,34.42
2008/1/28,35.38
2008/1/29,35.98
2008/1/30,35.81
2008/1/31,34.48
2008/2/1,34.57
2008/2/12,35.8
2008/2/13,33.7
2008/2/14,36.31
2008/2/15,36.42
2008/2/18,35.75
2008/2/19,34.64
2008/2/20,34.06
2008/2/21,35.21
2008/2/22,36.54
2008/2/25,37.13
2008/2/26,37.61
2008/2/27,36.52
2008/2/29,36.16
2008/3/3,37.21
2008/3/4,36.02
2008/3/5,37.47
2008/3/6,36.12
2008/3/7,39.15
2008/3/10,41.2
2008/3/11,40.89
2008/3/12,41.47
2008/3/13,42.59
2008/3/14,43.17
2008/3/17,38.78
2008/3/18,39.55
2008/3/19,39.14
2008/3/20,46.36
2008/3/21,43.47
2008/3/24,34.16
2008/3/25,32.91
2008/3/26,30.7
2008/3/27,29.93
2008/3/28,29.37
2008/3/31,28.79
2008/4/1,27.66
2008/4/2,28.46
2008/4/3,28.21
2008/4/7,27.34
2008/4/8,27.54
2008/4/9,27.44
2008/4/10,28.08
2008/4/11,27.68
2008/4/14,28.95
2008/4/15,28.94
2008/4/16,28.29
2008/4/17,25.63
2008/4/18,23.94
2008/4/21,24.38
2008/4/22,23.72
2008/4/23,24.15
2008/4/24,24.04
2008/4/25,24.22
2008/4/28,25.24
2008/4/29,25.55
2008/4/30,25.13
2008/5/2,24.72
2008/5/5,25.42
2008/5/6,24.61
2008/5/7,24.37
2008/5/8,23.21
2008/5/9,23.99
2008/5/12,23.84
2008/5/13,23.38
2008/5/14,23.95
2008/5/15,24.52
2008/5/16,24.47
2008/5/19,24.38
2008/5/20,25.06
2008/5/21,23.52
2008/5/22,22.62
2008/5/23,24.18
2008/5/26,24.44
2008/5/27,23.59
2008/5/28,23.21
2008/5/29,23.44
2008/5/30,23.8
2008/6/2,23.93
2008/6/3,23.91
2008/6/4,23.79
2008/6/5,23.73
2008/6/6,23.26
2008/6/9,25.42
2008/6/10,25.95
2008/6/11,26.92
2008/6/12,28.55
2008/6/13,27.07
2008/6/16,25.14
2008/6/17,24.08
2008/6/18,22.74
2008/6/19,24.04
2008/6/20,23.68
2008/6/23,24.14
2008/6/24,24.27
2008/6/25,25.16
2008/6/26,24.52
2008/6/27,25.09
2008/6/30,25.65
2008/7/1,24.7
2008/7/2,24.57
2008/7/3,26.32
2008/7/4,24.01
2008/7/7,26.31
2008/7/8,25.14
2008/7/9,27.23
2008/7/10,27.77
2008/7/11,27.58
2008/7/14,26.78
2008/7/15,23.84
2008/7/16,26.31
2008/7/17,30
2008/7/18,29.62
2008/7/21,30.04
2008/7/22,30.34
2008/7/23,29.95
2008/7/24,29.87
2008/7/25,30.81
2008/7/29,32
2008/7/30,31.38
2008/7/31,30.65
2008/8/1,30.95
2008/8/4,30.69
2008/8/5,30.44
2008/8/6,30.33
2008/8/7,30.73
2008/8/8,30.55
2008/8/11,30.13
2008/8/12,29.39
2008/8/13,29.06
2008/8/14,28.86
2008/8/15,28.29
2008/8/18,26.18
2008/8/19,26.71
2008/8/20,26.81
2008/8/21,29.39
2008/8/22,30.06
2008/8/25,28.79
2008/8/26,28.84
2008/8/27,28.09
2008/8/28,27.96
2008/8/29,27.99
2008/9/1,28.88
2008/9/2,28.86
2008/9/3,29.27
2008/9/4,28.84
2008/9/5,27.34
2008/9/8,30.76
2008/9/9,30.92
2008/9/10,32.55
2008/9/11,32.2
2008/9/12,33.4
2008/9/15,30.99
2008/9/16,32.99
2008/9/17,38.49
2008/9/18,42.21
2008/9/19,42.12
2008/9/22,39.19
2008/9/23,38.91
2008/9/24,38.29
2008/9/25,39.22
2008/9/26,40.11
2008/9/30,41.62
2008/10/1,41.25
2008/10/2,40.25
2008/10/3,41.62
2008/10/6,37.97
2008/10/7,40.06
2008/10/8,37.14
2008/10/9,40.97
2008/10/13,40.92
2008/10/14,42.29
2008/10/15,41.59
2008/10/16,43.46
2008/10/17,45.9
2008/10/20,50.62
2008/10/21,46.44
2008/10/22,42.44
2008/10/23,42.63
2008/10/24,42.63
2008/10/27,51.51
2008/10/28,60.41
2008/10/29,58.54
2008/10/30,54.97
2008/10/31,58.91
2008/11/3,57.11
2008/11/4,53.69
2008/11/5,51.16
2008/11/6,56.76
2008/11/7,57.33
2008/11/10,56.79
2008/11/11,54.7
2008/11/12,54.94
2008/11/13,55.2
2008/11/14,53.85
2008/11/17,46.35
2008/11/18,43.61
2008/11/19,45.12
2008/11/20,53.07
2008/11/21,55.4
2008/11/24,53.24
2008/11/25,51.51
2008/11/26,49.38
2008/11/27,44.46
2008/11/28,43.48
2008/12/1,41.94
2008/12/2,45.48
2008/12/3,45.84
2008/12/4,45.98
2008/12/5,44.79
2008/12/8,44.62
2008/12/9,44.56
2008/12/10,41.74
2008/12/11,44.08
2008/12/12,48.06
2008/12/15,39.71
2008/12/16,40.41
2008/12/17,40.09
2008/12/18,44.56
2008/12/19,43.28
2008/12/22,43.61
2008/12/23,44.42
2008/12/24,42.9
2008/12/25,39.38
2008/12/26,39.46
2008/12/29,38.88
2008/12/30,39.32
2008/12/31,39.41
2009/1/5,38.22
2009/1/6,38.59
2009/1/7,38.27
2009/1/8,42.3
2009/1/9,41.52
2009/1/10,41.82
2009/1/12,42.22
2009/1/13,42.2
2009/1/14,41.63
2009/1/15,46.72
2009/1/16,43.11
2009/1/17,41.22
2009/1/19,42.28
2009/1/20,44.27
2009/1/21,43.58
2009/2/2,42.57
2009/2/3,41.64
2009/2/4,39.36
2009/2/5,40.1
2009/2/6,38.95
2009/2/9,40.78
2009/2/10,40.49
2009/2/11,39.37
2009/2/12,39.74
2009/2/13,36.86
2009/2/16,35.92
2009/2/17,37.22
2009/2/18,37.37
2009/2/19,38.23
2009/2/20,40.93
2009/2/23,38.49
2009/2/24,38.75
2009/2/25,35.24
2009/2/26,34.92
2009/2/27,33.99
2009/3/2,38.19
2009/3/3,37.18
2009/3/4,35.5
2009/3/5,35.24
2009/3/6,35.48
2009/3/9,35.6
2009/3/10,35.55
2009/3/11,33.63
2009/3/12,33.87
2009/3/13,32.66
2009/3/16,31.59
2009/3/17,32.24
2009/3/18,32.9
2009/3/19,34.07
2009/3/20,33.87
2009/3/23,32.78
2009/3/24,32.96
2009/3/25,33.96
2009/3/26,35.32
2009/3/27,33.72
2009/3/30,35.7
2009/3/31,35.06
2009/4/1,34.16
2009/4/2,32.93
2009/4/3,33.38
2009/4/6,33.73
2009/4/7,33.36
2009/4/8,34.81
2009/4/9,33.55
2009/4/10,32.43
2009/4/13,35.39
2009/4/14,34.51
2009/4/15,34.64
2009/4/16,32.78
2009/4/17,39.2
2009/4/20,37.35
2009/4/21,37.23
2009/4/22,37.4
2009/4/23,36.86
2009/4/24,36.14
2009/4/27,38.77
2009/4/28,39.77
2009/4/29,39.24
2009/4/30,39.51
2009/5/4,37.57
2009/5/5,45.38
2009/5/6,45.25
2009/5/7,45.33
2009/5/8,46.33
2009/5/11,44.83
2009/5/12,44.38
2009/5/13,40.63
2009/5/14,38.73
2009/5/15,40.21
2009/5/18,37.42
2009/5/19,36.34
2009/5/20,36.78
2009/5/21,38.49
2009/5/22,37.39
2009/5/25,37.15
2009/5/26,38.37
2009/5/27,35.5
2009/6/1,36.09
2009/6/2,35.6
2009/6/3,36.57
2009/6/4,36.55
2009/6/5,35.52
2009/6/6,32.61
2009/6/8,33.19
2009/6/9,34.91
2009/6/10,35.62
2009/6/11,35.46
2009/6/12,35.94
2009/6/15,27.15
2009/6/16,28.94
2009/6/17,29.68
2009/6/18,33.41
2009/6/19,32.17
2009/6/22,30.22
2009/6/23,30.28
2009/6/24,33.61
2009/6/25,33.84
2009/6/26,33.17
2009/6/29,32.79
2009/6/30,31.72
2009/7/1,30.48
2009/7/2,30.01
2009/7/3,30
2009/7/6,31.15
2009/7/7,29.63
2009/7/8,30
2009/7/9,29.14
2009/7/10,28.99
2009/7/13,32.99
2009/7/14,31.69
2009/7/15,31.04
2009/7/16,29
2009/7/17,29.51
2009/7/20,29.95
2009/7/21,29.91
2009/7/22,30.16
2009/7/23,30.47
2009/7/24,31.06
2009/7/27,31.65
2009/7/28,31.18
2009/7/29,32.24
2009/7/30,32.73
2009/7/31,30.98
2009/8/3,30.95
2009/8/4,31.09
2009/8/5,32.67
2009/8/6,31.93
2009/8/10,34.12
2009/8/11,32.26
2009/8/12,32.98
2009/8/13,31.14
2009/8/14,29.77
2009/8/17,27.18
2009/8/18,26.83
2009/8/19,26.32
2009/8/20,28.39
2009/8/21,28.33
2009/8/24,27.52
2009/8/25,27.17
2009/8/26,26.58
2009/8/27,26.7
2009/8/28,25.9
2009/8/31,26.05
2009/9/1,25.58
2009/9/2,26.43
2009/9/3,25.76
2009/9/4,26.07
2009/9/7,26.9
2009/9/8,27.78
2009/9/9,27.88
2009/9/10,28.34
2009/9/11,27.48
2009/9/14,26.76
2009/9/15,26.22
2009/9/16,26
2009/9/17,26.73
2009/9/18,26.55
2009/9/21,27.11
2009/9/22,26.67
2009/9/23,26.54
2009/9/24,25.94
2009/9/25,25.66
2009/9/28,26.66
2009/9/29,26.21
2009/9/30,26.07
2009/10/1,26.54
2009/10/2,27.54
2009/10/5,27.9
2009/10/6,27.63
2009/10/7,26.74
2009/10/8,27.61
2009/10/9,27.06
2009/10/12,27.66
2009/10/13,27.91
2009/10/14,27.56
2009/10/15,28.3
2009/10/16,28.63
2009/10/19,27.9
2009/10/20,27.23
2009/10/21,27
2009/10/22,24.83
2009/10/23,24.26
2009/10/26,24.33
2009/10/27,24.44
2009/10/28,26.18
2009/10/29,28.1
2009/10/30,27.17
2009/11/2,27.11
2009/11/3,27.99
2009/11/4,26.71
2009/11/5,26.94
2009/11/6,26.4
2009/11/9,27.43
2009/11/10,26.88
2009/11/11,26.96
2009/11/12,26.95
2009/11/13,26.31
2009/11/16,24.44
2009/11/17,23.99
2009/11/18,23.16
2009/11/19,23.76
2009/11/20,23.13
2009/11/23,23.4
2009/11/24,23.21
2009/11/25,22.17
2009/11/26,21.59
2009/11/27,25.75
2009/11/30,23.67
2009/12/1,22.44
2009/12/2,21.79
2009/12/3,22.96
2009/12/4,23.63
2009/12/7,22.04
2009/12/8,20.97
2009/12/9,20.56
2009/12/10,20.38
2009/12/11,18.87
2009/12/14,19.18
2009/12/15,19.83
2009/12/16,19.54
2009/12/17,21.06
2009/12/18,20.33
2009/12/21,19.87
2009/12/22,19.38
2009/12/23,18.97
2009/12/24,18.81
2009/12/25,18.44
2009/12/28,18.66
2009/12/29,18.77
2009/12/30,18.15
2009/12/31,18.12
2010/1/4,18.57
2010/1/5,19.24
2010/1/6,20
2010/1/7,20.62
2010/1/8,19.6
2010/1/11,19.01
2010/1/12,18.1
2010/1/13,18.4
2010/1/14,17.72
2010/1/15,17.53
2010/1/18,19.71
2010/1/19,18.87
2010/1/20,19.17
2010/1/21,15.47
2010/1/22,16.65
2010/1/25,18.3
2010/1/26,20.9
2010/1/27,20.44
2010/1/28,18.96
2010/1/29,20.45
2010/2/1,21.76
2010/2/2,22.11
2010/2/3,21.36
2010/2/4,20.72
2010/2/5,26.4
2010/2/6,24.68
2010/2/8,27.14
2010/2/9,25.13
2010/2/10,24.6
2010/2/22,21.88
2010/2/23,21.83
2010/2/24,22.43
2010/2/25,22.99
2010/2/26,22.6
2010/3/1,21.17
2010/3/2,20.51
2010/3/3,20.27
2010/3/4,20.42
2010/3/5,19.82
2010/3/8,19.51
2010/3/9,19.59
2010/3/10,19.25
2010/3/11,19.14
2010/3/12,19.15
2010/3/15,18.9
2010/3/16,18.47
2010/3/17,17.94
2010/3/18,19.31
2010/3/19,19.33
2010/3/22,19.75
2010/3/23,19.42
2010/3/24,19.4
2010/3/25,18.96
2010/3/26,18.53
2010/3/29,18.24
2010/3/30,18.2
2010/3/31,18.4
2010/4/1,17.87
2010/4/2,18.01
2010/4/6,18.07
2010/4/7,17.81
2010/4/8,18.44
2010/4/9,18.16
2010/4/12,18.85
2010/4/13,19.82
2010/4/14,18.56
2010/4/15,18.38
2010/4/16,18.38
2010/4/19,21.11
2010/4/20,20.75
2010/4/21,20.48
2010/4/22,19.74
2010/4/23,19.65
2010/4/26,20
2010/4/27,20.16
2010/4/28,21.41
2010/4/29,21.32
2010/4/30,21.63
2010/5/3,22.27
2010/5/4,22.03
2010/5/5,23.57
2010/5/6,23.38
2010/5/7,25.62
2010/5/10,24.81
2010/5/11,25.53
2010/5/12,24.42
2010/5/13,22.33
2010/5/14,22.49
2010/5/17,23.24
2010/5/18,23.04
2010/5/19,23.15
2010/5/20,26.65
2010/5/21,25.96
2010/5/24,24.93
2010/5/25,24.72
2010/5/26,25.79
2010/5/27,24.98
2010/5/28,23.9
2010/5/31,23.4
2010/6/1,24.17
2010/6/2,24.72
2010/6/3,23.45
2010/6/4,23.64
2010/6/7,24.3
2010/6/8,24.42
2010/6/9,23.79
2010/6/10,23.66
2010/6/11,22.34
2010/6/14,21.2
2010/6/15,20.94
2010/6/17,20.75
2010/6/18,21.64
2010/6/21,21.41
2010/6/22,21.6
2010/6/23,21.31
2010/6/24,21.19
2010/6/25,21.21
2010/6/28,21.85
2010/6/29,22.67
2010/6/30,22.86
2010/7/1,23.06
2010/7/2,22.73
2010/7/5,22.1
2010/7/6,21.43
2010/7/7,21.79
2010/7/8,21.27
2010/7/9,21.01
2010/7/12,21.54
2010/7/13,21.69
2010/7/14,20.24
2010/7/15,20.31
2010/7/16,20.63
2010/7/19,22.03
2010/7/20,21.86
2010/7/21,21.27
2010/7/22,20.46
2010/7/23,19.45
2010/7/26,19.78
2010/7/27,19.69
2010/7/28,19.43
2010/7/29,19.29
2010/7/30,19.31
2010/8/2,18.74
2010/8/3,17.92
2010/8/4,17.98
2010/8/5,18.02
2010/8/6,17.29
2010/8/9,16.9
2010/8/10,17.4
2010/8/11,17.4
2010/8/12,18.04
2010/8/13,17.4
2010/8/16,17.79
2010/8/17,17.73
2010/8/18,17.95
2010/8/19,17.82
2010/8/20,17.89
2010/8/23,17.24
2010/8/24,17.94
2010/8/25,19.77
2010/8/26,19.43
2010/8/27,19.17
2010/8/30,18.22
2010/8/31,18.67
2010/9/1,17.67
2010/9/2,17.6
2010/9/3,16.6
2010/9/6,16.35
2010/9/7,16.43
2010/9/8,16.68
2010/9/9,16.68
2010/9/10,16.04
2010/9/13,16.59
2010/9/14,16.68
2010/9/15,16.87
2010/9/16,16.59
2010/9/17,16.42
2010/9/20,16.93
2010/9/21,17.03
2010/9/23,17.48
2010/9/24,17.88
2010/9/27,17.92
2010/9/28,17.93
2010/9/29,17.89
2010/9/30,18.2
2010/10/1,18.04
2010/10/4,18.61
2010/10/5,18.55
2010/10/6,18.02
2010/10/7,18.02
2010/10/8,18.47
2010/10/11,19.34
2010/10/12,19.66
2010/10/13,18.98
2010/10/14,18.39
2010/10/15,18.38
2010/10/18,20.86
2010/10/19,20.56
2010/10/20,20.27
2010/10/21,18.14
2010/10/22,17.67
2010/10/25,17.02
2010/10/26,16.74
2010/10/27,16.78
2010/10/28,16.64
2010/10/29,17.14
2010/11/1,17.37
2010/11/2,17.76
2010/11/3,18.25
2010/11/4,17.67
2010/11/5,17.68
2010/11/8,18.43
2010/11/9,18.21
2010/11/10,18.07
2010/11/11,17.66
2010/11/12,18.51
2010/11/15,18.7
2010/11/16,18.23
2010/11/17,18.76
2010/11/18,17.97
2010/11/19,17.55
2010/11/22,17.65
2010/11/23,17.97
2010/11/24,18.24
2010/11/25,18.27
2010/11/26,19.54
2010/11/29,17.38
2010/11/30,17.32
2010/12/1,16.6
2010/12/2,16.11
2010/12/3,15.9
2010/12/6,15.75
2010/12/7,15.77
2010/12/8,16.15
2010/12/9,16.34
2010/12/10,16.54
2010/12/13,16.71
2010/12/14,16.58
2010/12/15,16.69
2010/12/16,14.78
2010/12/17,14.47
2010/12/20,14.63
2010/12/21,13.69
2010/12/22,13.29
2010/12/23,13.36
2010/12/24,13.42
2010/12/27,13.61
2010/12/28,13.77
2010/12/29,14.15
2010/12/30,14.18
2010/12/31,14.13
2011/1/3,14.57
2011/1/4,14.64
2011/1/5,15.92
2011/1/6,15.13
2011/1/7,15.6
2011/1/10,15.56
2011/1/11,14.82
2011/1/12,14.45
2011/1/13,14.76
2011/1/14,14.64
2011/1/17,16.4
2011/1/18,16.19
2011/1/19,15.83
2011/1/20,14.05
2011/1/21,14.58
2011/1/24,14.9
2011/1/25,14.23
2011/1/26,13.71
2011/1/27,14.12
2011/1/28,13.73
2011/2/8,15.4
2011/2/9,14.91
2011/2/10,15.58
2011/2/11,18.54
2011/2/14,15.73
2011/2/15,15.44
2011/2/16,15.51
2011/2/17,16.34
2011/2/18,14.86
2011/2/21,15.36
2011/2/22,17.37
2011/2/23,17.81
2011/2/24,17.77
2011/2/25,17.02
2011/3/1,16.76
2011/3/2,18
2011/3/3,16.73
2011/3/4,17
2011/3/7,18.03
2011/3/8,17.86
2011/3/9,17.12
2011/3/10,18.04
2011/3/11,17.46
2011/3/14,18.75
2011/3/15,23.42
2011/3/16,22.3
2011/3/17,23.29
2011/3/18,21.02
2011/3/21,19.22
2011/3/22,18.09
2011/3/23,17.99
2011/3/24,17.12
2011/3/25,16.38
2011/3/28,17.63
2011/3/29,17.17
2011/3/30,16.84
2011/3/31,16.9
2011/4/1,16.32
2011/4/6,16.34
2011/4/7,16.07
2011/4/8,16.46
2011/4/11,16.91
2011/4/12,18.32
2011/4/13,17.25
2011/4/14,17.94
2011/4/15,18.43
2011/4/18,18.94
2011/4/19,19.44
2011/4/20,18.02
2011/4/21,16.68
2011/4/22,16.26
2011/4/25,17.13
2011/4/26,17.05
2011/4/27,17.09
2011/4/28,17.35
2011/4/29,16.95
2011/5/3,17.94
2011/5/4,17.21
2011/5/5,17.08
2011/5/6,17.61
2011/5/9,17.59
2011/5/10,17.68
2011/5/11,18.45
2011/5/12,17.88
2011/5/13,17.77
2011/5/16,18
2011/5/17,17.82
2011/5/18,16.97
2011/5/19,17.14
2011/5/20,16.52
2011/5/23,16.97
2011/5/24,16.21
2011/5/25,16.67
2011/5/26,15.54
2011/5/27,15.49
2011/5/30,15.71
2011/5/31,15.16
2011/6/1,14.67
2011/6/2,15.1
2011/6/3,14.87
2011/6/7,15.8
2011/6/8,15.92
2011/6/9,16.04
2011/6/10,16.69
2011/6/13,17.32
2011/6/14,16.54
2011/6/15,16.95
2011/6/16,17.24
2011/6/17,17.86
2011/6/20,18.54
2011/6/21,17.52
2011/6/22,17.84
2011/6/23,18.02
2011/6/24,17.55
2011/6/27,18.19
2011/6/28,18.32
2011/6/29,18.12
2011/6/30,16.98
2011/7/1,15.97
2011/7/4,16.13
2011/7/5,15.86
2011/7/6,15.3
2011/7/7,15.09
2011/7/8,15.8
2011/7/11,16.37
2011/7/12,17.91
2011/7/13,17.91
2011/7/14,18.03
2011/7/15,17.69
2011/7/18,19.1
2011/7/19,18.74
2011/7/20,17.38
2011/7/21,16.51
2011/7/22,15.59
2011/7/25,16.97
2011/7/26,16.54
2011/7/27,16.63
2011/7/28,17.6
2011/7/29,19.14
2011/8/1,18.43
2011/8/2,18.53
2011/8/3,18.96
2011/8/4,19.2
2011/8/5,28.98
2011/8/8,37.1
2011/8/9,38.27
2011/8/10,33.67
2011/8/11,34.92
2011/8/12,32.76
2011/8/15,26.66
2011/8/16,26.63
2011/8/17,26.14
2011/8/18,29.6
2011/8/19,39.77
2011/8/22,38.05
2011/8/23,33.11
2011/8/24,35.29
2011/8/25,37.89
2011/8/26,36.15
2011/8/29,31.91
2011/8/30,28.9
2011/8/31,27.8
2011/9/1,28.62
2011/9/2,27.75
2011/9/5,31.47
2011/9/6,34.61
2011/9/7,30.14
2011/9/8,30.4
2011/9/9,29.61
2011/9/13,34.01
2011/9/14,36.29
2011/9/15,33.99
2011/9/16,30.93
2011/9/19,31.81
2011/9/20,32.08
2011/9/21,31.23
2011/9/22,34.7
2011/9/23,38.01
2011/9/26,40.61
2011/9/27,36.63
2011/9/28,37.39
2011/9/29,37.45
2011/9/30,36.92
2011/10/3,39.06
2011/10/4,38.57
2011/10/5,39.75
2011/10/6,35.92
2011/10/7,33.86
2011/10/11,30.29
2011/10/12,28.91
2011/10/13,27.03
2011/10/14,26.74
2011/10/17,26.2
2011/10/18,27.24
2011/10/19,26.84
2011/10/20,29.45
2011/10/21,28.52
2011/10/24,26.63
2011/10/25,27.21
2011/10/26,27.42
2011/10/27,25.79
2011/10/28,24.44
2011/10/31,24.85
2011/11/1,25.17
2011/11/2,27.13
2011/11/3,30.72
2011/11/4,25.39
2011/11/7,25.77
2011/11/8,26.9
2011/11/9,25.09
2011/11/10,29.68
2011/11/11,27.52
2011/11/14,25.04
2011/11/15,26.06
2011/11/16,27.43
2011/11/17,27.11
2011/11/18,29.77
2011/11/21,31.28
2011/11/22,29.31
2011/11/23,30.65
2011/11/24,30.24
2011/11/25,30.65
2011/11/28,28.41
2011/11/29,27.48
2011/11/30,28.3
2011/12/1,26.34
2011/12/2,26.75
2011/12/5,28.54
2011/12/6,30.26
2011/12/7,29.63
2011/12/8,31.64
2011/12/9,33.1
2011/12/12,30.23
2011/12/13,29.91
2011/12/14,28.88
2011/12/15,29.48
2011/12/16,28.12
2011/12/19,28.02
2011/12/20,27.69
2011/12/21,25.96
2011/12/22,27.05
2011/12/23,25.68
2011/12/26,27.31
2011/12/27,28.66
2011/12/28,29.12
2011/12/29,29.09
2011/12/30,28.78
2012/1/2,30.18
2012/1/3,29.75
2012/1/4,29.28
2012/1/5,28.74
2012/1/6,29.09
2012/1/9,30.2
2012/1/10,29.61
2012/1/11,29.8
2012/1/12,31.48
2012/1/13,33.39
2012/1/16,24.13
2012/1/17,22.46
2012/1/18,22.41
2012/1/30,20.99
2012/1/31,21.14
2012/2/1,20.24
2012/2/2,20.39
2012/2/3,20.02
2012/2/4,19.87
2012/2/6,20.61
2012/2/7,20.16
2012/2/8,20.52
2012/2/9,20.74
2012/2/10,20.35
2012/2/13,20.47
2012/2/14,20.29
2012/2/15,19.91
2012/2/16,20.27
2012/2/17,20.16
2012/2/20,20.45
2012/2/21,20.14
2012/2/22,20.17
2012/2/23,20.77
2012/2/24,20.54
2012/2/29,19.82
2012/3/1,20.14
2012/3/2,19.87
2012/3/3,19.64
2012/3/5,20.42
2012/3/6,20.33
2012/3/7,21.23
2012/3/8,20.59
2012/3/9,20
2012/3/12,20.78
2012/3/13,19.77
2012/3/14,18.99
2012/3/15,19.38
2012/3/16,19.06
2012/3/19,19.47
2012/3/20,19.46
2012/3/21,19.21
2012/3/22,18.12
2012/3/23,18.52
2012/3/26,19.27
2012/3/27,18.85
2012/3/28,19.03
2012/3/29,20.35
2012/3/30,19.08
2012/4/2,19.48
2012/4/3,19.31
2012/4/5,20.57
2012/4/6,19.52
2012/4/9,20.61
2012/4/10,19.77
2012/4/11,19.98
2012/4/12,20.04
2012/4/13,17.96
2012/4/16,19.71
2012/4/17,20.17
2012/4/18,19.9
2012/4/19,18.99
2012/4/20,19.06
2012/4/23,19.32
2012/4/24,19.63
2012/4/25,19.06
2012/4/26,19.34
2012/4/27,19.07
2012/4/30,18.47
2012/5/2,17.12
2012/5/3,16.93
2012/5/4,17.15
2012/5/7,19.09
2012/5/8,18.15
2012/5/9,19.32
2012/5/10,19.16
2012/5/11,20.16
2012/5/14,19.24
2012/5/15,19.69
2012/5/16,21.14
2012/5/17,20.84
2012/5/18,26.06
2012/5/21,24.21
2012/5/22,21.21
2012/5/23,23.08
2012/5/24,22.68
2012/5/25,22.74
2012/5/28,22.26
2012/5/29,21.31
2012/5/30,22.45
2012/5/31,23.69
2012/6/1,25.51
2012/6/4,29.33
2012/6/5,27.96
2012/6/6,27.2
2012/6/7,26.39
2012/6/8,27.38
2012/6/11,25.82
2012/6/12,26.78
2012/6/13,26.68
2012/6/14,27.47
2012/6/15,26.54
2012/6/18,22.9
2012/6/19,22.21
2012/6/20,21.59
2012/6/21,20.5
2012/6/22,20.77
2012/6/25,21.75
2012/6/26,21.69
2012/6/27,21.1
2012/6/28,21.01
2012/6/29,20.01
2012/7/2,18.54
2012/7/3,17.97
2012/7/4,17.48
2012/7/5,17.51
2012/7/6,17.73
2012/7/9,18.25
2012/7/10,18
2012/7/11,17.48
2012/7/12,18.25
2012/7/13,18.33
2012/7/16,18.38
2012/7/17,17.65
2012/7/18,17.8
2012/7/19,16.94
2012/7/20,17.22
2012/7/23,18.84
2012/7/24,19.28
2012/7/25,20.33
2012/7/26,20.04
2012/7/27,17.81
2012/7/30,18.15
2012/7/31,18.52
2012/8/1,18.84
2012/8/3,17.65
2012/8/6,17.09
2012/8/7,17.3
2012/8/8,17.42
2012/8/9,17.37
2012/8/10,17.08
2012/8/13,17.62
2012/8/14,17.33
2012/8/15,17.41
2012/8/16,16.69
2012/8/17,16.66
2012/8/20,16.78
2012/8/21,16.88
2012/8/22,16.95
2012/8/23,16.76
2012/8/24,16.89
2012/8/27,17.66
2012/8/28,17.59
2012/8/29,17.46
2012/8/30,17.9
2012/8/31,18.35
2012/9/3,18.04
2012/9/4,17.66
2012/9/5,18.13
2012/9/6,17.91
2012/9/7,16.55
2012/9/10,16.52
2012/9/11,17.31
2012/9/12,17.43
2012/9/13,16.86
2012/9/14,15.86
2012/9/17,16.34
2012/9/18,16.3
2012/9/19,16.1
2012/9/20,15.76
2012/9/21,15.47
2012/9/24,15.46
2012/9/25,15.44
2012/9/26,15.64
2012/9/27,16.05
2012/9/28,15.85
2012/10/1,15.88
2012/10/2,15.51
2012/10/3,15.34
2012/10/4,15.41
2012/10/5,15.13
2012/10/8,15.58
2012/10/9,14.93
2012/10/11,15.58
2012/10/12,15.41
2012/10/15,15.02
2012/10/16,14.66
2012/10/17,15.28
2012/10/18,14.61
2012/10/19,14.63
2012/10/22,15
2012/10/23,15.1
2012/10/24,15.36
2012/10/25,15.82
2012/10/26,17.69
2012/10/29,17.42
2012/10/30,17.07
2012/10/31,17.24
2012/11/1,16.53
2012/11/2,16.7
2012/11/5,17.72
2012/11/6,16.98
2012/11/7,16.68
2012/11/8,17.12
2012/11/9,16.47
2012/11/12,17.18
2012/11/13,17.76
2012/11/14,17.56
2012/11/15,17.22
2012/11/16,17.88
2012/11/19,16.95
2012/11/20,16.76
2012/11/21,17.01
2012/11/22,16.28
2012/11/23,15.81
2012/11/26,15.85
2012/11/27,15.58
2012/11/28,15.58
2012/11/29,15.35
2012/11/30,14.99
2012/12/3,15.07
2012/12/4,15.4
2012/12/5,15.03
2012/12/6,15.55
2012/12/7,15.47
2012/12/10,15.87
2012/12/11,15.75
2012/12/12,15.38
2012/12/13,15.04
2012/12/14,15.36
2012/12/17,15.32
2012/12/18,15.3
2012/12/19,17.07
2012/12/20,16.22
2012/12/21,17.36
2012/12/22,16.65
2012/12/24,16.65
2012/12/25,16.05
2012/12/26,16.71
2012/12/27,17.12
2012/12/28,16.66
2013/1/2,15.22
2013/1/3,14.47
2013/1/4,14.05
2013/1/7,14.13
2013/1/8,13.98
2013/1/9,13.37
2013/1/10,13.28
2013/1/11,12.88
2013/1/14,14.12
2013/1/15,14.38
2013/1/16,14.63
2013/1/17,14.34
2013/1/18,13.36
2013/1/21,13.71
2013/1/22,13.25
2013/1/23,13.28
2013/1/24,12.73
2013/1/25,12.4
2013/1/28,12.57
2013/1/29,12.34
2013/1/30,12.51
2013/1/31,12.6
2013/2/1,12.87
2013/2/4,13.26
2013/2/5,13.68
2013/2/6,13.82
2013/2/18,14.49
2013/2/19,13.73
2013/2/20,14.24
2013/2/21,14.15
2013/2/22,14.1
2013/2/23,13.86
2013/2/25,14.52
2013/2/26,14.83
2013/2/27,14.7
2013/3/1,13.92
2013/3/4,14.29
2013/3/5,13.25
2013/3/6,12.89
2013/3/7,12.98
2013/3/8,12.58
2013/3/11,12.69
2013/3/12,12.83
2013/3/13,12.84
2013/3/14,13.1
2013/3/15,13.17
2013/3/18,14.54
2013/3/19,13.89
2013/3/20,13.88
2013/3/21,12.72
2013/3/22,12.67
2013/3/25,12.46
2013/3/26,12.36
2013/3/27,12.31
2013/3/28,12.44
2013/3/29,11.51
2013/4/1,11.85
2013/4/2,11.61
2013/4/3,11.38
2013/4/8,13.65
2013/4/9,13.26
2013/4/10,13.24
2013/4/11,11.93
2013/4/12,12.35
2013/4/15,12.95
2013/4/16,12.71
2013/4/17,13.45
2013/4/18,13.05
2013/4/19,12.6
2013/4/22,12.39
2013/4/23,12.05
2013/4/24,12.28
2013/4/25,12.26
2013/4/26,12.2
2013/4/29,12.52
2013/4/30,12.51
2013/5/2,12.92
2013/5/3,12.93
2013/5/6,12.69
2013/5/7,12.66
2013/5/8,13.01
2013/5/9,12.56
2013/5/10,12.31
2013/5/13,12.94
2013/5/14,13.32
2013/5/15,13.4
2013/5/16,12.88
2013/5/17,12.6
2013/5/20,12.59
2013/5/21,11.9
2013/5/22,11.84
2013/5/23,12.85
2013/5/24,12.45
2013/5/27,12.73
2013/5/28,12.5
2013/5/29,12.7
2013/5/30,13.35
2013/5/31,13.68
2013/6/3,13.99
2013/6/4,14.36
2013/6/5,14.91
2013/6/6,14.89
2013/6/7,15.16
2013/6/10,14.55
2013/6/11,14.98
2013/6/13,17.39
2013/6/14,16.62
2013/6/17,15.87
2013/6/18,15.65
2013/6/19,16.11
2013/6/20,15.95
2013/6/21,16.78
2013/6/24,17.29
2013/6/25,18.57
2013/6/26,17.68
2013/6/27,16.27
2013/6/28,14.85
2013/7/1,14.78
2013/7/2,14.68
2013/7/3,15.47
2013/7/4,14.55
2013/7/5,14.35
2013/7/8,15.35
2013/7/9,14.87
2013/7/10,15.25
2013/7/11,14.94
2013/7/12,14.69
2013/7/15,16.01
2013/7/16,16.05
2013/7/17,16.65
2013/7/18,14.61
2013/7/19,15.1
2013/7/22,15.21
2013/7/23,14.79
2013/7/24,15.04
2013/7/25,15.18
2013/7/26,15.38
2013/7/29,16.48
2013/7/30,16.05
2013/7/31,16.34
2013/8/1,16.41
2013/8/2,15.95
2013/8/5,15.84
2013/8/6,15.74
2013/8/7,16.28
2013/8/8,15.8
2013/8/9,15.86
2013/8/12,15.73
2013/8/13,14.91
2013/8/14,15.28
2013/8/15,15.21
2013/8/16,15.75
2013/8/19,15.92
2013/8/20,16.21
2013/8/22,16.72
2013/8/23,15.57
2013/8/26,15.33
2013/8/27,15.56
2013/8/28,15.79
2013/8/29,15.09
2013/8/30,14.57
2013/9/2,15.04
2013/9/3,15.3
2013/9/4,15.71
2013/9/5,15.07
2013/9/6,15
2013/9/9,15.39
2013/9/10,15.67
2013/9/11,15.38
2013/9/12,14.79
2013/9/13,14.53
2013/9/14,14.72
2013/9/16,14.67
2013/9/17,15.14
2013/9/18,15.35
2013/9/23,14.62
2013/9/24,14.32
2013/9/25,14.05
2013/9/26,13.85
2013/9/27,13.59
2013/9/30,13.98
2013/10/1,13.92
2013/10/2,13.54
2013/10/3,13.22
2013/10/4,13.36
2013/10/7,13.88
2013/10/8,13.92
2013/10/9,14.77
2013/10/11,13.63
2013/10/14,14.88
2013/10/15,14.52
2013/10/16,14.89
2013/10/17,12.02
2013/10/18,11.29
2013/10/21,11.74
2013/10/22,11.66
2013/10/23,12.24
2013/10/24,12.05
2013/10/25,12.31
2013/10/28,12.41
2013/10/29,12.25
2013/10/30,12.37
2013/10/31,12.3
2013/11/1,12.64
2013/11/4,12.76
2013/11/5,12.72
2013/11/6,12.61
2013/11/7,12.52
2013/11/8,12.77
2013/11/11,12.99
2013/11/12,12.72
2013/11/13,13.25
2013/11/14,13.01
2013/11/15,12.61
2013/11/18,12.48
2013/11/19,12.39
2013/11/20,12.38
2013/11/21,13.46
2013/11/22,13.25
2013/11/25,12.8
2013/11/26,12.34
2013/11/27,12.17
2013/11/28,11.89
2013/11/29,11.81
2013/12/2,12.03
2013/12/3,12.07
2013/12/4,11.91
2013/12/5,12.8
2013/12/6,12.27
2013/12/9,11.32
2013/12/10,11.66
2013/12/11,12.21
2013/12/12,12.23
2013/12/13,11.88
2013/12/16,12.29
2013/12/17,12.55
2013/12/18,12.86
2013/12/19,11.7
2013/12/20,11.1
2013/12/23,10.55
2013/12/24,10.31
2013/12/25,10.13
2013/12/26,10.17
2013/12/27,9.87
2013/12/30,9.79
2013/12/31,9.85
2014/1/2,10.24
2014/1/3,10.77
2014/1/6,11.14
2014/1/7,10.67
2014/1/8,10.41
2014/1/9,10.82
2014/1/10,10.69
2014/1/13,11.82
2014/1/14,11.91
2014/1/15,11.74
2014/1/16,9.81
2014/1/17,9.5
2014/1/20,9.77
2014/1/21,10.13
2014/1/22,10.19
2014/1/23,10.38
2014/1/24,10.37
2014/1/27,12.94
2014/2/5,15.35
2014/2/6,14.09
2014/2/7,12.74
2014/2/10,12.57
2014/2/11,11.87
2014/2/12,11.76
2014/2/13,11.89
2014/2/14,12
2014/2/17,11.92
2014/2/18,12.39
2014/2/19,12.33
2014/2/20,12.13
2014/2/21,11.25
2014/2/24,11.81
2014/2/25,11.45
2014/2/26,11.14
2014/2/27,11.31
2014/3/3,11.98
2014/3/4,11.91
2014/3/5,11.38
2014/3/6,10.97
2014/3/7,11.02
2014/3/10,11.72
2014/3/11,11.31
2014/3/12,11.65
2014/3/13,11.51
2014/3/14,12.26
2014/3/17,12.97
2014/3/18,12.35
2014/3/19,12.29
2014/3/20,12.19
2014/3/21,12.14
2014/3/24,12.13
2014/3/25,11.32
2014/3/26,11.12
2014/3/27,10.98
2014/3/28,11.55
2014/3/31,11.31
2014/4/1,11.05
2014/4/2,11.18
2014/4/3,10.71
2014/4/7,11.04
2014/4/8,10.93
2014/4/9,10.41
2014/4/10,10.46
2014/4/11,10.89
2014/4/14,12.21
2014/4/15,12.43
2014/4/16,12.49
2014/4/17,11.29
2014/4/18,11.09
2014/4/21,11.38
2014/4/22,10.86
2014/4/23,10.86
2014/4/24,10.5
2014/4/25,11.7
2014/4/28,11.53
2014/4/29,11.34
2014/4/30,12.53
2014/5/2,11.72
2014/5/5,12.03
2014/5/6,11.78
2014/5/7,11.92
2014/5/8,11.27
2014/5/9,11.44
2014/5/12,11.75
2014/5/13,11.24
2014/5/14,10.86
2014/5/15,11.03
2014/5/16,10.79
2014/5/19,10.92
2014/5/20,10.87
2014/5/21,10.75
2014/5/22,9.9
2014/5/23,9.64
2014/5/26,9.65
2014/5/27,9.45
2014/5/28,9.22
2014/5/29,9.29
2014/5/30,9.56
2014/6/3,9.45
2014/6/4,9.27
2014/6/5,9.22
2014/6/6,8.94
2014/6/9,8.89
2014/6/10,8.95
2014/6/11,9.11
2014/6/12,8.99
2014/6/13,9.2
2014/6/16,9.18
2014/6/17,8.86
2014/6/18,9.32
2014/6/19,8.64
2014/6/20,8.85
2014/6/23,8.96
2014/6/24,8.84
2014/6/25,8.81
2014/6/26,8.37
2014/6/27,8.47
2014/6/30,8.57
2014/7/1,8.91
2014/7/2,10.56
2014/7/3,10.71
2014/7/4,11.08
2014/7/7,10.78
2014/7/8,10.5
2014/7/9,10.4
2014/7/10,10.06
2014/7/11,10.57
2014/7/14,10.39
2014/7/15,10.19
2014/7/16,10.62
2014/7/17,10.47
2014/7/18,10.57
2014/7/21,10.24
2014/7/22,9.57
2014/7/24,9.68
2014/7/25,9.91
2014/7/28,10.23
2014/7/29,10.49
2014/7/30,10.51
2014/7/31,11.23
2014/8/1,11.61
2014/8/4,11.7
2014/8/5,13.23
2014/8/6,12.67
2014/8/7,12.14
2014/8/8,12.35
2014/8/11,12.51
2014/8/12,12.34
2014/8/13,12.7
2014/8/14,11.71
2014/8/15,11.86
2014/8/18,12.84
2014/8/19,12.25
2014/8/20,12.15
2014/8/21,11.59
2014/8/22,10.97
2014/8/25,11.43
2014/8/26,11.59
2014/8/27,11.11
2014/8/28,10.98
2014/8/29,11.29
2014/9/1,10.95
2014/9/2,11.58
2014/9/3,11.74
2014/9/4,11.57
2014/9/5,11.62
2014/9/9,12.1
2014/9/10,12.44
2014/9/11,12.39
2014/9/12,12.48
2014/9/15,13.08
2014/9/16,13.37
2014/9/17,12.97
2014/9/18,12.33
2014/9/19,12.02
2014/9/22,12.6
2014/9/23,12.6
2014/9/24,12.48
2014/9/25,12.6
2014/9/26,12.58
2014/9/29,12.97
2014/9/30,12.75
2014/10/1,12.99
2014/10/2,13.15
2014/10/3,12.77
2014/10/6,12.67
2014/10/7,13.19
2014/10/8,13.8
2014/10/9,12.92
2014/10/13,16.69
2014/10/14,15.95
2014/10/15,15.83
2014/10/16,16.56
2014/10/17,17.5
2014/10/20,15.25
2014/10/21,14.61
2014/10/22,13.97
2014/10/23,13.46
2014/10/24,14.27
2014/10/27,14.42
2014/10/28,13.71
2014/10/29,13.66
2014/10/30,13.72
2014/10/31,14.53
2014/11/3,14.92
2014/11/4,15.02
2014/11/5,14.98
2014/11/6,14.74
2014/11/7,14.5
2014/11/10,14.25
2014/11/11,14.3
2014/11/12,14.83
2014/11/13,14.5
2014/11/14,14.51
2014/11/17,15.2
2014/11/18,15.55
2014/11/19,15.07
2014/11/20,14.71
2014/11/21,14.36
2014/11/24,14.49
2014/11/25,14.68
2014/11/26,15.07
2014/11/27,14.15
2014/11/28,14.31
2014/12/1,13.84
2014/12/2,13.8
2014/12/3,13.21
2014/12/4,12.77
2014/12/5,12.64
2014/12/8,13.01
2014/12/9,13.04
2014/12/10,13.6
2014/12/11,13.74
2014/12/12,14
2014/12/15,13.98
2014/12/16,14.56
2014/12/17,15.07
2014/12/18,14.27
2014/12/19,12.87
2014/12/22,12.25
2014/12/23,11.9
2014/12/24,11.61
2014/12/25,11.23
2014/12/26,11.44
2014/12/27,11.26
2014/12/29,11.57
2014/12/30,12
2014/12/31,12.06
2015/1/5,12.59
2015/1/6,13.79
2015/1/7,14.08
2015/1/8,12.94
2015/1/9,13.15
2015/1/12,13.52
2015/1/13,13.43
2015/1/14,14.17
2015/1/15,13.77
2015/1/16,14.6
2015/1/19,15.05
2015/1/20,14.39
2015/1/21,14.17
2015/1/22,12.03
2015/1/23,11.25
2015/1/26,12.07
2015/1/27,11.65
2015/1/28,11.82
2015/1/29,12.41
2015/1/30,12.26
2015/2/2,12.68
2015/2/3,12.15
2015/2/4,11.72
2015/2/5,11.54
2015/2/6,11.74
2015/2/9,12.54
2015/2/10,12.79
2015/2/11,12.69
2015/2/12,12.97
2015/2/13,12.8
2015/2/24,12.67
2015/2/25,11.74
2015/2/26,11.36
2015/3/2,11.5
2015/3/3,11.1
2015/3/4,10.86
2015/3/5,10.58
2015/3/6,10.02
2015/3/9,10.47
2015/3/10,10.36
2015/3/11,10.49
2015/3/12,9.92
2015/3/13,9.76
2015/3/16,10.48
2015/3/17,10.64
2015/3/18,11.05
2015/3/19,10.24
2015/3/20,10.01
2015/3/23,10.1
2015/3/24,9.85
2015/3/25,9.69
2015/3/26,10
2015/3/27,10.47
2015/3/30,10.77
2015/3/31,10.74
2015/4/1,11.66
2015/4/2,10.51
2015/4/7,10.37
2015/4/8,10.41
2015/4/9,10.25
2015/4/10,10.36
2015/4/13,11.43
2015/4/14,11.52
2015/4/15,12.05
2015/4/16,10.31
2015/4/17,10.57
2015/4/20,11.33
2015/4/21,11.45
2015/4/22,11.49
2015/4/23,13.08
2015/4/24,14.6
2015/4/27,16.23
2015/4/28,15.58
2015/4/29,14.28
2015/4/30,14.25
2015/5/4,14.17
2015/5/5,13.67
2015/5/6,13.73
2015/5/7,13.83
2015/5/8,13.64
2015/5/11,13.98
2015/5/12,14.37
2015/5/13,13.85
2015/5/14,14.31
2015/5/15,14.43
2015/5/18,14.43
2015/5/19,14.71
2015/5/20,14.31
2015/5/21,14.26
2015/5/22,13.04
2015/5/25,13.15
2015/5/26,13.33
2015/5/27,13.74
2015/5/28,13.43
2015/5/29,13.88
2015/6/1,14.16
2015/6/2,13.95
2015/6/3,13.73
2015/6/4,14.65
2015/6/5,13.91
2015/6/8,13.47
2015/6/9,14.21
2015/6/10,14.14
2015/6/11,13.97
2015/6/12,13.87
2015/6/15,14.57
2015/6/16,14.55
2015/6/17,15.04
2015/6/18,14.39
2015/6/22,13.92
2015/6/23,12.82
2015/6/24,12.78
2015/6/25,12.84
2015/6/26,13.22
2015/6/29,15.53
2015/6/30,14.78
2015/7/1,14.61
2015/7/2,14.47
2015/7/3,14.48
2015/7/6,15.42
2015/7/7,14.66
2015/7/8,17.07
2015/7/9,17.68
2015/7/13,16.59
2015/7/14,15.88
2015/7/15,15.54
2015/7/16,14.42
2015/7/17,14.49
2015/7/20,15.15
2015/7/21,14.57
2015/7/22,15.08
2015/7/23,14.72
2015/7/24,14.65
2015/7/27,15.89
2015/7/28,15.62
2015/7/29,15.94
2015/7/30,14.92
2015/7/31,15.05
2015/8/3,16.21
2015/8/4,16.46
2015/8/5,16.43
2015/8/6,16.36
2015/8/7,16.39
2015/8/10,16.22
2015/8/11,16.99
2015/8/12,17.69
2015/8/13,17.56
2015/8/14,16.79
2015/8/17,16.86
2015/8/18,17.28
2015/8/19,18.21
2015/8/20,18.79
2015/8/21,22.15
2015/8/24,38.22
2015/8/25,32.52
2015/8/26,30.39
2015/8/27,27.42
2015/8/28,26.63
2015/8/31,27.53
2015/9/1,30.19
2015/9/2,29.45
2015/9/3,27.28
2015/9/4,28.82
2015/9/7,27.43
2015/9/8,25.22
2015/9/9,22.05
2015/9/10,23.57
2015/9/11,23.83
2015/9/14,24.69
2015/9/15,25.36
2015/9/16,24.19
2015/9/17,20.84
2015/9/18,18.08
2015/9/21,20.9
2015/9/22,19.26
2015/9/23,22.17
2015/9/24,22.52
2015/9/25,22
2015/9/30,23.12
2015/10/1,20.58
2015/10/2,20.58
2015/10/5,19.11
2015/10/6,18.77
2015/10/7,17.77
2015/10/8,18.08
2015/10/12,17.77
2015/10/13,17.43
2015/10/14,17.5
2015/10/15,17.64
2015/10/16,17.54
2015/10/19,18.2
2015/10/20,17.77
2015/10/21,17.58
2015/10/22,16.68
2015/10/23,15.14
2015/10/26,14.58
2015/10/27,14.54
2015/10/28,15.29
2015/10/29,15.71
2015/10/30,15.12
2015/11/2,16.01
2015/11/3,14.47
2015/11/4,16.16
2015/11/5,16.86
2015/11/6,18.49
2015/11/9,19.3
2015/11/10,20.69
2015/11/11,23.63
2015/11/12,20.81
2015/11/13,22.27
2015/11/16,22.07
2015/11/17,21.22
2015/11/18,20.96
2015/11/19,18.53
2015/11/20,18.18
2015/11/23,18.1
2015/11/24,18.79
2015/11/25,18.83
2015/11/26,18.02
2015/11/27,19.55
2015/11/30,21.94
2015/12/1,20.16
2015/12/2,20.2
2015/12/3,20.32
2015/12/4,20.23
2015/12/7,19.31
2015/12/8,20.5
2015/12/9,20.75
2015/12/10,21.32
2015/12/11,22.69
2015/12/14,22.8
2015/12/15,22.47
2015/12/16,21.49
2015/12/17,19.79
2015/12/18,20.08
2015/12/21,20.02
2015/12/22,19.94
2015/12/23,19.02
2015/12/24,19.01
2015/12/25,18.55
2015/12/28,19.47
2015/12/29,20.02
2015/12/30,20.38
2015/12/31,20.84
2016/1/4,23.46
2016/1/5,23.52
2016/1/6,22.2
2016/1/7,23.26
2016/1/8,22.89
2016/1/11,25
2016/1/12,24.43
2016/1/13,23.54
2016/1/14,23.94
2016/1/15,23.45
2016/1/18,22.37
2016/1/19,21.31
2016/1/20,25.92
2016/1/21,24.92
2016/1/22,21.63
2016/1/25,19.6
2016/1/26,19.77
2016/1/27,18.61
2016/1/28,18.49
2016/1/29,17.68
2016/1/30,17.15
2016/2/1,17.91
2016/2/2,18.43
2016/2/3,20.02
2016/2/15,20.53
2016/2/16,18.85
2016/2/17,19
2016/2/18,18.89
2016/2/19,17.64
2016/2/22,17.42
2016/2/23,16.83
2016/2/24,17.88
2016/2/25,17.54
2016/2/26,17.13
2016/3/1,17.22
2016/3/2,16.47
2016/3/3,16.19
2016/3/4,15.67
2016/3/7,16.4
2016/3/8,16.39
2016/3/9,16.1
2016/3/10,15.6
2016/3/11,14.61
2016/3/14,16.06
2016/3/15,16.75
2016/3/16,16.49
2016/3/17,14.49
2016/3/18,14.23
2016/3/21,14.68
2016/3/22,14.36
2016/3/23,14.62
2016/3/24,14.78
2016/3/25,15.05
2016/3/28,15.8
2016/3/29,15.92
2016/3/30,15.68
2016/3/31,16.03
2016/4/1,16.12
2016/4/6,18.42
2016/4/7,17.56
2016/4/8,17.19
2016/4/11,17.36
2016/4/12,17.33
2016/4/13,16.22
2016/4/14,16.32
2016/4/15,15.83
2016/4/18,18.21
2016/4/19,18.35
2016/4/20,19
2016/4/21,16.09
2016/4/22,16
2016/4/25,16.05
2016/4/26,15.58
2016/4/27,15.61
2016/4/28,16.28
2016/4/29,16.56
2016/5/3,16.45
2016/5/4,16.85
2016/5/5,16.58
2016/5/6,17.19
2016/5/9,17.2
2016/5/10,16.48
2016/5/11,16.85
2016/5/12,17.28
2016/5/13,18.07
2016/5/16,17.93
2016/5/17,17.48
2016/5/18,17.71
2016/5/19,19.1
2016/5/20,17.83
2016/5/23,16.49
2016/5/24,16.09
2016/5/25,15.15
2016/5/26,15.08
2016/5/27,14.66
2016/5/30,15.24
2016/5/31,15.28
2016/6/1,15.16
2016/6/2,15.49
2016/6/3,15.52
2016/6/4,15.15
2016/6/6,15.65
2016/6/7,14.94
2016/6/8,15.02
2016/6/13,18.63
2016/6/14,18.04
2016/6/15,17.77
2016/6/16,19.47
2016/6/17,17.82
2016/6/20,17.9
2016/6/21,16.98
2016/6/22,17.97
2016/6/23,18.68
2016/6/24,23.23
2016/6/27,20.66
2016/6/28,18.84
2016/6/29,17.46
2016/6/30,16.61
2016/7/1,15.38
2016/7/4,15.81
2016/7/5,15.78
2016/7/6,17.02
2016/7/7,16.17
2016/7/11,15.86
2016/7/12,15.78
2016/7/13,16.04
2016/7/14,15.89
2016/7/15,15.34
2016/7/18,16.21
2016/7/19,16.29
2016/7/20,16.52
2016/7/21,16.27
2016/7/22,16.51
2016/7/25,16.58
2016/7/26,16.36
2016/7/27,16.64
2016/7/28,16.93
2016/7/29,16.83
2016/8/1,16.44
2016/8/2,16.51
2016/8/3,16.81
2016/8/4,16.22
2016/8/5,15.81
2016/8/8,15.47
2016/8/9,14.92
2016/8/10,14.44
2016/8/11,14.63
2016/8/12,14.15
2016/8/15,14.37
2016/8/16,14.35
2016/8/17,14.19
2016/8/18,13.22
2016/8/19,13.86
2016/8/22,13.6
2016/8/23,13.09
2016/8/24,13.41
2016/8/25,13.27
2016/8/26,13.34
2016/8/29,13.76
2016/8/30,13.85
2016/8/31,14.31
2016/9/1,14.37
2016/9/2,14.59
2016/9/5,13.88
2016/9/6,13.69
2016/9/7,13.51
2016/9/8,13.38
2016/9/9,13.57
2016/9/10,16.41
2016/9/12,18.14
2016/9/13,17.11
2016/9/14,17.22
2016/9/19,15.97
2016/9/20,15.75
2016/9/21,15.78
2016/9/22,14.09
2016/9/23,13.64
2016/9/26,14.75
2016/9/29,14.57
2016/9/30,15.78
2016/10/3,16.12
2016/10/4,15.79
2016/10/5,16.19
2016/10/6,15.96
2016/10/7,15.82
2016/10/11,16.2
2016/10/12,15.26
2016/10/13,15.72
2016/10/14,15.95
2016/10/17,16.45
2016/10/18,15.95
2016/10/19,15.31
2016/10/20,14.3
2016/10/21,14.16
2016/10/24,14.16
2016/10/25,13.49
2016/10/26,13.39
2016/10/27,13.58
2016/10/28,13.9
2016/10/31,14.62
2016/11/1,15.26
2016/11/2,17.15
2016/11/3,17.86
2016/11/4,18.58
2016/11/7,17.96
2016/11/8,17.36
2016/11/9,21.21
2016/11/10,14.71
2016/11/11,18.04
2016/11/14,16.64
2016/11/15,17.12
2016/11/16,15.64
2016/11/17,15.74
2016/11/18,15.07
2016/11/21,14.93
2016/11/22,13.88
2016/11/23,13.22
2016/11/24,13.38
2016/11/25,13.22
2016/11/28,13.37
2016/11/29,13.59
2016/11/30,13.37
2016/12/1,13.04
2016/12/2,14.31
2016/12/5,14.38
2016/12/6,12.95
2016/12/7,12.81
2016/12/8,12.88
2016/12/9,13.01
2016/12/12,13.69
2016/12/13,13.54
2016/12/14,13.61
2016/12/15,12.98
2016/12/16,12.91
2016/12/19,12.97
2016/12/20,12.61
2016/12/21,12.34
2016/12/22,12.63
2016/12/23,12.77
2016/12/26,12.79
2016/12/27,12.62
2016/12/28,12.01
2016/12/29,12.33
2016/12/30,12.25
2017/1/3,12.29
2017/1/4,12.04
2017/1/5,11.28
2017/1/6,11.17
2017/1/9,11.53
2017/1/10,11.38
2017/1/11,11.46
2017/1/12,23.02
2017/1/13,11.54
2017/1/16,13.65
2017/1/17,13.84
2017/1/18,13.81
2017/1/19,12.69
2017/1/20,12.77
2017/1/23,12.44
2017/1/24,11.96
2017/2/2,13.78
2017/2/3,15.79
2017/2/6,12.97
2017/2/7,12.54
2017/2/8,12.26
2017/2/9,11.43
2017/2/10,11.54
2017/2/13,12.2
2017/2/14,12.41
2017/2/15,12.45
2017/2/16,12.66
2017/2/17,12.34
2017/2/18,12.03
2017/2/20,12.04
2017/2/21,11.83
2017/2/22,11.89
2017/2/23,11.68
2017/2/24,11.9
2017/3/1,12.55
2017/3/2,12.36
2017/3/3,12.2
2017/3/6,12.01
2017/3/7,11.68
2017/3/8,10.91
2017/3/9,11.38
2017/3/10,10.98
2017/3/13,12.57
2017/3/14,11.96
2017/3/15,11.81
2017/3/16,10.32
2017/3/17,9.97
2017/3/20,10.53
2017/3/21,10.31
2017/3/22,10.86
2017/3/23,10.79
2017/3/24,11.07
2017/3/27,11.67
2017/3/28,11.59
2017/3/29,11.53
2017/3/30,12.05
2017/3/31,11.48
2017/4/5,11.63
2017/4/6,12.47
2017/4/7,12.37
2017/4/10,12.34
2017/4/11,13.64
2017/4/12,13.31
2017/4/13,12.67
2017/4/14,14.07
2017/4/17,13.33
2017/4/18,13.04
2017/4/19,13.22
2017/4/20,12.64
2017/4/21,12.03
2017/4/24,11.62
2017/4/25,11.12
2017/4/26,11.12
2017/4/27,10.83
2017/4/28,10.52
2017/5/2,10.76
2017/5/3,10.78
2017/5/4,10.92
2017/5/5,11.41
2017/5/8,10.88
2017/5/9,11.16
2017/5/10,11.1
2017/5/11,11.62
2017/5/12,10.71
2017/5/15,11.41
2017/5/16,11.2
2017/5/17,11.25
2017/5/18,10.69
2017/5/19,10.76
2017/5/22,10.51
2017/5/23,10.1
2017/5/24,9.62
2017/5/25,9.49
2017/5/26,9.69
2017/5/31,10.43
2017/6/1,10.2
2017/6/2,9.82
2017/6/3,10.12
2017/6/5,10.23
2017/6/6,10.13
2017/6/7,9.97
2017/6/8,10.21
2017/6/9,9.57
2017/6/12,10.5
2017/6/13,10.11
2017/6/14,10.83
2017/6/15,10.19
2017/6/16,9.64
2017/6/19,11.02
2017/6/20,9.86
2017/6/21,9.93
2017/6/22,10.02
2017/6/23,10.4
2017/6/26,12.17
2017/6/27,12.12
2017/6/28,12.52
2017/6/29,11.84
2017/6/30,12.33
2017/7/3,12.07
2017/7/4,12.1
2017/7/5,12.17
2017/7/6,12.23
2017/7/7,12.4
2017/7/10,12.31
2017/7/11,11.72
2017/7/12,11.8
2017/7/13,11.53
2017/7/14,11.19
2017/7/17,12.09
2017/7/18,12.1
2017/7/19,11.26
2017/7/20,10.48
2017/7/21,10.54
2017/7/24,10.58
2017/7/25,10.7
2017/7/26,10.2
2017/7/27,9.92
2017/7/28,10.5
2017/7/31,10.9
2017/8/1,10.26
2017/8/2,14.83
2017/8/3,10.96
2017/8/4,11.4
2017/8/7,11.33
2017/8/8,11.41
2017/8/9,12.15
2017/8/10,13.23
2017/8/11,14.38
2017/8/14,13.87
2017/8/15,13.05
2017/8/16,12.77
2017/8/17,11.98
2017/8/18,12.67
2017/8/21,13.03
2017/8/22,12.08
2017/8/23,11.75
2017/8/24,11.35
2017/8/25,11.29
2017/8/28,12.02
2017/8/29,12.66
2017/8/30,12.36
2017/8/31,12.6
2017/9/1,12.25
2017/9/4,13.28
2017/9/5,13.71
2017/9/6,14.05
2017/9/7,13.87
2017/9/8,13.8
2017/9/11,13.48
2017/9/12,12.49
2017/9/13,12.15
2017/9/14,11.62
2017/9/15,11.25
2017/9/18,12.29
2017/9/19,12.72
2017/9/20,12.49
2017/9/21,10.8
2017/9/22,11.74
2017/9/25,12.77
2017/9/26,12.85
2017/9/27,12.14
2017/9/28,11.86
2017/9/29,11.28
2017/9/30,10.51
2017/10/2,10.52
2017/10/3,10.29
2017/10/5,10.37
2017/10/6,10.36
2017/10/11,10.75
2017/10/12,10.38
2017/10/13,9.92
2017/10/16,11.47
2017/10/17,11.79
2017/10/18,11.77
2017/10/19,10.72
2017/10/20,11.12
2017/10/23,11.66
2017/10/24,11.16
2017/10/25,11.87
2017/10/26,11.85
2017/10/27,12.14
2017/10/30,12.09
2017/10/31,11.85
2017/11/1,11.64
2017/11/2,11.85
2017/11/3,11.82
2017/11/6,11.74
2017/11/7,11.13
2017/11/8,10.91
2017/11/9,10.82
2017/11/10,10.17
2017/11/13,10.39
2017/11/14,10.49
2017/11/15,10.95
2017/11/16,10.2
2017/11/17,9.44
2017/11/20,9.83
2017/11/21,9.17
2017/11/22,9.49
2017/11/23,8.97
2017/11/24,9.12
2017/11/27,9.72
2017/11/28,9.86
2017/11/29,10.16
2017/11/30,11.46
2017/12/1,11.18
2017/12/4,11.45
2017/12/5,11.88
2017/12/6,14.89
2017/12/7,13.83
2017/12/8,12.34
2017/12/11,11.67
2017/12/12,11.69
2017/12/13,11.61
2017/12/14,10.86
2017/12/15,10.94
2017/12/18,11.53
2017/12/19,11.8
2017/12/20,11.23
2017/12/21,10.4
2017/12/22,9.99
2017/12/25,10.01
2017/12/26,10.88
2017/12/27,10.18
2017/12/28,10.1
2017/12/29,9.93
2018/1/2,10.42
2018/1/3,10.24
2018/1/4,9.88
2018/1/5,9.62
2018/1/8,10.52
2018/1/9,9.81
2018/1/10,10.25
2018/1/11,9.7
2018/1/12,8.96
2018/1/15,7.82
2018/1/16,8.82
2018/1/17,8.96
2018/1/18,9.66
2018/1/19,9.89
2018/1/22,10.86
2018/1/23,11.18
2018/1/24,10.97
2018/1/25,11.38
2018/1/26,11.38
2018/1/29,11.73
2018/1/30,12.44
2018/1/31,12.58
2018/2/1,13
2018/2/2,12.32
2018/2/5,14.2
2018/2/6,30.07
2018/2/7,23.17
2018/2/8,21.82
2018/2/9,26.76
2018/2/12,24.01
2018/2/21,20.35
2018/2/22,20.83
2018/2/23,18.49
2018/2/26,18.08
2018/2/27,18.05
2018/3/1,19.75
2018/3/2,20.88
2018/3/5,21.06
2018/3/6,18.01
2018/3/7,19.72
2018/3/8,17.94
2018/3/9,17.27
2018/3/12,16.5
2018/3/13,15.64
2018/3/14,16.56
2018/3/15,16.39
2018/3/16,16.41
2018/3/19,16.86
2018/3/20,17.77
2018/3/21,17.23
2018/3/22,16.13
2018/3/23,20.98
2018/3/26,19.08
2018/3/27,17.22
2018/3/28,19.86
2018/3/29,19.61
2018/3/30,17.82
2018/3/31,17.67
2018/4/2,18.62
2018/4/3,19.11
2018/4/9,17.97
2018/4/10,17.13
2018/4/11,16.27
2018/4/12,16.53
2018/4/13,15.91
2018/4/16,16.7
2018/4/17,16.71
2018/4/18,15.88
2018/4/19,13.83
2018/4/20,14.87
2018/4/23,15.56
2018/4/24,15.55
2018/4/25,16.15
2018/4/26,16.46
2018/4/27,15.44
2018/4/30,14.66
2018/5/2,14.81
2018/5/3,15.78
2018/5/4,15.13
2018/5/7,14.64
2018/5/8,14.06
2018/5/9,13.65
2018/5/10,13.03
2018/5/11,12.89
2018/5/14,12.81
2018/5/15,12.94
2018/5/16,13.03
2018/5/17,13.23
2018/5/18,13.29
2018/5/21,13.09
2018/5/22,12.91
2018/5/23,13.55
2018/5/24,13.27
2018/5/25,13.05
2018/5/28,13.09
2018/5/29,13.28
2018/5/30,15
2018/5/31,14
2018/6/1,14.13
2018/6/4,13.83
2018/6/5,14.02
2018/6/6,13.56
2018/6/7,13.2
2018/6/8,13.81
2018/6/11,14.45
2018/6/12,14.42
2018/6/13,14.01
2018/6/14,14.21
2018/6/15,14.13
2018/6/19,16.54
2018/6/20,16.28
2018/6/21,15.02
2018/6/22,15.55
2018/6/25,16.59
2018/6/26,16.23
2018/6/27,15.84
2018/6/28,16.79
2018/6/29,15.82
2018/7/2,17.16
2018/7/3,17.31
2018/7/4,17.26
2018/7/5,17.83
2018/7/6,16.87
2018/7/9,15.18
2018/7/10,14.52
2018/7/11,15.69
2018/7/12,14.04
2018/7/13,13.31
2018/7/16,13.93
2018/7/17,13.86
2018/7/18,14.25
2018/7/19,14.19
2018/7/20,13.83
2018/7/23,14.49
2018/7/24,14.17
2018/7/25,14.28
2018/7/26,13.29
2018/7/27,12.9
2018/7/30,13.7
2018/7/31,13.43
2018/8/1,12.83
2018/8/2,14.38
2018/8/3,13.33
2018/8/6,13.23
2018/8/7,12.89
2018/8/8,12.36
2018/8/9,12.55
2018/8/10,13.06
2018/8/13,15.51
2018/8/14,14.44
2018/8/15,16
2018/8/16,16.56
2018/8/17,15.6
2018/8/20,14.95
2018/8/21,13.88
2018/8/22,13.73
2018/8/23,12.75
2018/8/24,13.16
2018/8/27,12.97
2018/8/28,12.31
2018/8/29,12.56
2018/8/30,12.55
2018/8/31,13.23
2018/9/3,14.09
2018/9/4,13.25
2018/9/5,13.84
2018/9/6,14.5
2018/9/7,14.67
2018/9/10,15.32
2018/9/11,15.01
2018/9/12,14.89
2018/9/13,14.17
2018/9/14,12.83
2018/9/17,13.74
2018/9/18,13.98
2018/9/19,13.23
2018/9/20,13.09
2018/9/21,12.85
2018/9/25,13.14
2018/9/26,13.33
2018/9/27,12.82
2018/9/28,13.04
2018/10/1,13.38
2018/10/2,13.92
2018/10/3,13.62
2018/10/4,15.08
2018/10/5,17.11
2018/10/8,18.28
2018/10/9,18.04
2018/10/11,25.87
2018/10/12,22.06
2018/10/15,23.96
2018/10/16,22.31
2018/10/17,21.04
2018/10/18,22.46
2018/10/19,22.09
2018/10/22,22.75
2018/10/23,24.41
2018/10/24,23.06
2018/10/25,24.65
2018/10/26,25.61
2018/10/29,25.09
2018/10/30,24.39
2018/10/31,23.05
2018/11/1,22.59
2018/11/2,22.47
2018/11/5,23.65
2018/11/6,24.19
2018/11/7,21.91
2018/11/8,19.39
2018/11/9,20.7
2018/11/12,20.45
2018/11/13,21.16
2018/11/14,20.4
2018/11/15,20.45
2018/11/16,20.88
2018/11/19,20.61
2018/11/20,21.66
2018/11/21,20.79
2018/11/22,19.85
2018/11/23,21.05
2018/11/26,19.69
2018/11/27,18.97
2018/11/28,18.66
2018/11/29,19.17
2018/11/30,19.72
2018/12/3,17.34
2018/12/4,17.43
2018/12/5,19.1
2018/12/6,21.92
2018/12/7,21.53
2018/12/10,22.74
2018/12/11,21.62
2018/12/12,19.72
2018/12/13,19.46
2018/12/14,20.15
2018/12/17,20
2018/12/18,20.47
2018/12/19,19.7
2018/12/20,20.82
2018/12/21,20.13
2018/12/22,21.07
2018/12/24,20.49
2018/12/25,21.83
2018/12/26,22.91
2018/12/27,20.38
2018/12/28,20.37
2019/1/2,21.4
2019/1/3,21.03
2019/1/4,20.45
2019/1/7,18.46
2019/1/8,17.94
2019/1/9,16.74
2019/1/10,16.69
2019/1/11,16.6
2019/1/14,16.79
2019/1/15,15.91
2019/1/16,15.98
2019/1/17,15.8
2019/1/18,14.9
2019/1/21,15.46
2019/1/22,15.68
2019/1/23,15.05
2019/1/24,14.47
2019/1/25,13.99
2019/1/28,14.64
2019/1/29,15.24
2019/1/30,15.76
2019/2/11,14.75
2019/2/12,14.13
2019/2/13,14.45
2019/2/14,14.24
2019/2/15,15.3
2019/2/18,14.95
2019/2/19,14.84
2019/2/20,13.96
2019/2/21,13.27
2019/2/22,13.05
2019/2/25,12.71
2019/2/26,13.29
2019/2/27,12.77
2019/3/4,13.51
2019/3/5,13.77
2019/3/6,13.39
2019/3/7,14.16
2019/3/8,14.21
2019/3/11,14.13
2019/3/12,12.71
2019/3/13,12.78
2019/3/14,12.86
2019/3/15,11.66
2019/3/18,12.54
2019/3/19,12.46
2019/3/20,12.75
2019/3/21,12.41
2019/3/22,11.99
2019/3/25,14.27
2019/3/26,13.42
2019/3/27,13.35
2019/3/28,13.6
2019/3/29,13.39
2019/4/1,13.64
2019/4/2,13.32
2019/4/3,13.06
2019/4/8,13.75
2019/4/9,13.13
2019/4/10,13.12
2019/4/11,13.43
2019/4/12,13.13
2019/4/15,12.88
2019/4/16,12.66
2019/4/17,12.96
2019/4/18,13.67
2019/4/19,12.91
2019/4/22,13.49
2019/4/23,13.09
2019/4/24,13.3
2019/4/25,13.03
2019/4/26,13.57
2019/4/29,14.4
2019/4/30,13.75
2019/5/2,13.03
2019/5/3,12.41
2019/5/6,16.45
2019/5/7,15.8
2019/5/8,16.28
2019/5/9,18.33
2019/5/10,18.6
2019/5/13,19.48
2019/5/14,18.44
2019/5/15,16.05
2019/5/16,16.31
2019/5/17,16.65
2019/5/20,16.03
2019/5/21,15.22
2019/5/22,14.76
2019/5/23,16.32
2019/5/24,16.21
2019/5/27,16.12
2019/5/28,16.02
2019/5/29,16.11
2019/5/30,15.69
2019/5/31,16.01
2019/6/3,16.41
2019/6/4,16.41
2019/6/5,15.93
2019/6/6,15.58
2019/6/10,14.67
2019/6/11,14.19
2019/6/12,14.14
2019/6/13,14.45
2019/6/14,14.52
2019/6/17,14.47
2019/6/18,14.08
2019/6/19,13.87
2019/6/20,13.44
2019/6/21,14.38
2019/6/24,14.46
2019/6/25,14.66
2019/6/26,15.06
2019/6/27,14.62
2019/6/28,14.88
2019/7/1,13.34
2019/7/2,13.05
2019/7/3,13.63
2019/7/4,12.86
2019/7/5,12.76
2019/7/8,13.35
2019/7/9,12.83
2019/7/10,12.17
2019/7/11,12.14
2019/7/12,12.01
2019/7/15,11.73
2019/7/16,11.76
2019/7/17,12.32
2019/7/18,12.33
2019/7/19,11.58
2019/7/22,12.26
2019/7/23,12.06
2019/7/24,12.17
2019/7/25,12.2
2019/7/26,12.62
2019/7/29,13.41
2019/7/30,13.49
2019/7/31,13.52
2019/8/1,13.71
2019/8/2,16.18
2019/8/5,18.15
2019/8/6,18.17
2019/8/7,17.59
2019/8/8,16.28
2019/8/12,15.75
2019/8/13,16.57
2019/8/14,15.99
2019/8/15,17.55
2019/8/16,16.99
2019/8/19,16.04
2019/8/20,15.01
2019/8/21,14.99
2019/8/22,15.01
2019/8/23,14.42
2019/8/26,17.92
2019/8/27,16.32
2019/8/28,16.01
2019/8/29,15.63
2019/8/30,14.41
2019/9/2,13.78
2019/9/3,14.5
2019/9/4,13.52
2019/9/5,13.65
2019/9/6,13.24
2019/9/9,13.25
2019/9/10,13.45
2019/9/11,13.38
2019/9/12,13.35
2019/9/16,13.88
2019/9/17,13.61
2019/9/18,13.64
2019/9/19,13.7
2019/9/20,13.7
2019/9/23,14.74
2019/9/24,14.65
2019/9/25,14.61
2019/9/26,14.55
2019/9/27,14.5
2019/10/1,13.62
2019/10/2,14.69
2019/10/3,15.54
2019/10/4,14.46
2019/10/7,14.43
2019/10/8,14.07
2019/10/9,15.15
2019/10/14,13.27
2019/10/15,12.7
2019/10/16,12.92
2019/10/17,12.54
2019/10/18,12.49
2019/10/21,13.02
2019/10/22,12.06
2019/10/23,12.16
2019/10/24,11.56
2019/10/25,11.84
2019/10/28,11.99
2019/10/29,12.14
2019/10/30,12.19
2019/10/31,12.25
2019/11/1,11.93
2019/11/4,13.05
2019/11/5,14.1
2019/11/6,14.35
2019/11/7,13.3
2019/11/8,13.36
2019/11/11,14.49
2019/11/12,13.68
2019/11/13,14.07
2019/11/14,13.82
2019/11/15,13.15
2019/11/18,13.57
2019/11/19,13.56
2019/11/20,13.69
2019/11/21,14.28
2019/11/22,13.46
2019/11/25,13.93
2019/11/26,13.42
2019/11/27,13.22
2019/11/28,13.4
2019/11/29,14.84
2019/12/2,14.44
2019/12/3,14.08
2019/12/4,14.32
2019/12/5,13.49
2019/12/6,13.03
2019/12/9,13.57
2019/12/10,14.11
2019/12/11,13.43
2019/12/12,13.9
2019/12/13,14.35
2019/12/16,14.21
2019/12/17,14.22
2019/12/18,14.6
2019/12/19,14.51
2019/12/20,14.19
2019/12/23,14.47
2019/12/24,14.41
2019/12/25,14.14
2019/12/26,14.25
2019/12/27,14.04
2019/12/30,14.43
2019/12/31,14.71
2020/1/2,14.32
2020/1/3,14.81
2020/1/6,15.04
2020/1/7,14.34
2020/1/8,15.24
2020/1/9,13.02
2020/1/10,12.98
2020/1/13,11.26
2020/1/14,11.64
2020/1/15,11.86
2020/1/16,11.94
2020/1/17,11.92
2020/1/20,12.57
2020/1/30,19.81
2020/1/31,19.15
2020/2/3,20.26
2020/2/4,18.76
2020/2/5,18.65
2020/2/6,17.96
2020/2/7,18.78
2020/2/10,19.33
2020/2/11,17.53
2020/2/12,16.43
2020/2/13,16.52
2020/2/14,15.75
2020/2/17,16.2
2020/2/18,17.14
2020/2/19,15.85
2020/2/20,15.7
2020/2/21,16.72
2020/2/24,18.43
2020/2/25,18.52
2020/2/26,20
2020/2/27,22.92
2020/3/2,25.25
2020/3/3,22.91
2020/3/4,22.55
2020/3/5,19.37
2020/3/6,22.93
2020/3/9,28.36
2020/3/10,26.75
2020/3/11,29.49
2020/3/12,33.27
2020/3/13,39.76
2020/3/16,44.65
2020/3/17,48.54
2020/3/18,47.85
2020/3/19,51.14
2020/3/20,51.66
2020/3/23,53.84
2020/3/24,44.78
2020/3/25,42.43
2020/3/26,44
2020/3/27,45.12
2020/3/30,44.59
2020/3/31,44.65
2020/4/1,42.41
2020/4/6,35.81
2020/4/7,33.25
2020/4/8,33.73
2020/4/9,32.91
2020/4/10,30.9
2020/4/13,32.54
2020/4/14,29.38
2020/4/15,26.84
2020/4/16,28.22
2020/4/17,27.04
2020/4/20,28.65
2020/4/21,33.96
2020/4/22,33.46
2020/4/23,31.45
2020/4/24,30.97
2020/4/27,28.77
2020/4/28,27.9
2020/4/29,27.32
2020/4/30,29.06
2020/5/4,34.29
2020/5/5,32.53
2020/5/6,31.74
2020/5/7,29.62
2020/5/8,28.33
2020/5/11,27.88
2020/5/12,27.4
2020/5/13,27
2020/5/14,29.75
2020/5/15,28.9
2020/5/18,29.65
2020/5/19,26.95
2020/5/20,24.99
2020/5/21,22.44
2020/5/22,26.78
2020/5/25,25.01
2020/5/26,23.78
2020/5/27,23.79
2020/5/28,24.7
2020/5/29,24.01
2020/6/1,23.46
2020/6/2,22.7
2020/6/3,22.4
2020/6/4,21.55
2020/6/5,20.46
2020/6/8,20.46
2020/6/9,20.5
2020/6/10,20.63
2020/6/11,23.03
2020/6/12,26.06
2020/6/15,29.37
2020/6/16,24.82
2020/6/17,24.03
2020/6/18,23.16
2020/6/19,22.69
2020/6/22,22.91
2020/6/23,22.71
2020/6/24,22.32
2020/6/29,24.82
2020/6/30,22.3
2020/7/1,21.69
2020/7/2,20.3
2020/7/3,20.42
2020/7/6,22.11
2020/7/7,21.8
2020/7/8,21.66
2020/7/9,21.41
2020/7/10,23.25
2020/7/13,20.6
2020/7/14,21.19
2020/7/15,21.88
2020/7/16,20.4
2020/7/17,20.16
2020/7/20,20.36
2020/7/21,20.47
2020/7/22,20.51
2020/7/23,21.48
2020/7/24,24.95
2020/7/27,24.83
2020/7/28,27.82
2020/7/29,27.51
2020/7/30,26.3
2020/7/31,26.2
2020/8/3,27.21
2020/8/4,24.5
2020/8/5,23.96
2020/8/6,25.11
2020/8/7,24.25
2020/8/10,24.43
2020/8/11,24.16
2020/8/12,23.25
2020/8/13,22.2
2020/8/14,22.23
2020/8/17,21.47
2020/8/18,21.88
2020/8/19,21.87
2020/8/20,28.05
2020/8/21,24.38
2020/8/24,23.62
2020/8/25,23.27
2020/8/26,22.6
2020/8/27,22.91
2020/8/28,23.66
2020/8/31,24.42
2020/9/1,22.97
2020/9/2,22.21
2020/9/3,21.95
2020/9/4,23.73
2020/9/7,23.93
2020/9/8,22.61
2020/9/9,22.37
2020/9/10,20.81
2020/9/11,20.9
2020/9/14,18.06
2020/9/15,17.27
2020/9/16,18.29
2020/9/17,18.6
2020/9/18,18.27
2020/9/21,20.69
2020/9/22,22.01
2020/9/23,20.71
2020/9/24,23.02
2020/9/25,22.5
2020/9/28,21.85
2020/9/29,21.52
2020/9/30,21.7
2020/10/5,23.27
2020/10/6,21.19
2020/10/7,20.83
2020/10/8,20.63
2020/10/12,21.51
2020/10/13,21.77
2020/10/14,21.96
2020/10/15,22.25
2020/10/16,22.11
2020/10/19,21.31
2020/10/20,22.26
2020/10/21,22.02
2020/10/22,22.04
2020/10/23,21.96
2020/10/26,22.49
2020/10/27,23.27
2020/10/28,23.43
2020/10/29,24.94
2020/10/30,27.35
2020/11/2,27.32
2020/11/3,26.11
2020/11/4,23.77
2020/11/5,21.76
2020/11/6,21.76
2020/11/9,20.58
2020/11/10,20.44
2020/11/11,20.51
2020/11/12,19.28
2020/11/13,18.8
2020/11/16,19.31
2020/11/17,19.86
2020/11/18,20.61
2020/11/19,19.47
2020/11/20,19.13
2020/11/23,19.81
2020/11/24,19.56
2020/11/25,19.23
2020/11/26,17.42
2020/11/27,17.61
2020/11/30,18.57
2020/12/1,18.57
2020/12/2,18.87
2020/12/3,17.67
2020/12/4,18.03
2020/12/7,19.1
2020/12/8,18.53
2020/12/9,18.11
2020/12/10,18.4
2020/12/11,17.85
2020/12/14,18.64
2020/12/15,18.15
2020/12/16,17.43
2020/12/17,17.09
2020/12/18,17.09
2020/12/21,17.85
2020/12/22,20.55
2020/12/23,18.78
2020/12/24,17.86
2020/12/25,17.22
2020/12/28,18.3
2020/12/29,18.03
2020/12/30,18.39
2020/12/31,18.19
2021/1/4,18.93
2021/1/5,18.86
2021/1/6,20.71
2021/1/7,20.96
2021/1/8,22.52
2021/1/11,23.76
2021/1/12,23.89
2021/1/13,23.58
2021/1/14,22.94
2021/1/15,23.24
2021/1/18,23.19
2021/1/19,23.38
2021/1/20,22.86
2021/1/21,24.9
2021/1/22,23.96
2021/1/25,25.81
2021/1/26,25.21
2021/1/27,24.38
2021/1/28,26.48
2021/1/29,27.63
2021/2/1,26.96
2021/2/2,26.3
2021/2/3,24.89
2021/2/4,23.84
2021/2/5,22.59
2021/2/17,22.69
2021/2/18,22.46
2021/2/19,22.92
2021/2/22,23.76
2021/2/23,23.65
2021/2/24,24.6
2021/2/25,23.33
2021/2/26,26.26
2021/3/2,26.64
2021/3/3,23.71
2021/3/4,25.38
2021/3/5,25.48
2021/3/8,24.9
2021/3/9,24.93
2021/3/10,23.17
2021/3/11,21.61
2021/3/12,20.38
2021/3/15,20.64
2021/3/16,19.16
2021/3/17,18.46
2021/3/18,16.74
2021/3/19,18.05
2021/3/22,17.76
2021/3/23,17.7
2021/3/24,18.57
2021/3/25,18.06
2021/3/26,17.31
2021/3/29,18.67
2021/3/30,17.92
2021/3/31,17.63
2021/4/1,17.1
2021/4/6,17.24
2021/4/7,16.94
2021/4/8,16.38
2021/4/9,16.89
2021/4/12,17.32
2021/4/13,17.78
2021/4/14,17.96
2021/4/15,18.34
2021/4/16,18.25
2021/4/19,18.97
2021/4/20,18.71
2021/4/21,18.75
2021/4/22,19.34
2021/4/23,18.59
2021/4/26,19.45
2021/4/27,19.79
2021/4/28,19.98
2021/4/29,18.76
2021/5/3,21.42
2021/5/4,23.34
2021/5/5,24.94
2021/5/6,21.55
2021/5/7,20.23
2021/5/10,19.64
2021/5/11,26.59
2021/5/12,38.94
2021/5/13,34.02
2021/5/14,32.45
2021/5/17,38.67
2021/5/18,32.29
2021/5/19,30.97
2021/5/20,29.63
2021/5/21,28.04
2021/5/24,27.93
2021/5/25,25.85
2021/5/26,24.12
2021/5/27,24.2
2021/5/28,23.17
2021/5/31,23.88
2021/6/1,22.03
2021/6/2,22.36
2021/6/3,21.41
2021/6/4,22.41
2021/6/7,23.29
2021/6/8,22.69
2021/6/9,21.82
2021/6/10,19.45
2021/6/11,17.73
2021/6/15,16.64
2021/6/16,18.05
2021/6/17,17.1
2021/6/18,17.27
2021/6/21,21.22
2021/6/22,19.9
2021/6/23,19.31
2021/6/24,18.14
2021/6/25,18.82
2021/6/28,19.37
2021/6/29,20.1
2021/6/30,19.67
2021/7/1,19.82
2021/7/2,19.14
2021/7/5,19.14
2021/7/6,18.94
2021/7/7,19.98
2021/7/8,19.84
2021/7/9,20.41
2021/7/12,19.71
2021/7/13,19.64
2021/7/14,19.47
2021/7/15,18.85
2021/7/16,18.54
2021/7/19,20.81
2021/7/20,23.24
2021/7/21,22.53
2021/7/22,20.54
2021/7/23,19.9
2021/7/26,21.81
2021/7/27,21.9
2021/7/28,24.21
2021/7/29,20.94
2021/7/30,22.02
2021/8/2,20.6
2021/8/3,20.59
2021/8/4,20.42
2021/8/5,19.38
2021/8/6,20.01
2021/8/9,21.31
2021/8/10,21.1
2021/8/11,20.92
2021/8/12,19.28
2021/8/13,20.46
2021/8/16,21.13
2021/8/17,23.46
2021/8/18,20.62
2021/8/19,24.18
2021/8/20,26.52
2021/8/23,22.44
2021/8/24,20.78
2021/8/25,20.64
2021/8/26,20.38
2021/8/27,19.93
2021/8/30,19.46
2021/8/31,19.16
2021/9/1,19.18
2021/9/2,19
2021/9/3,19.09
2021/9/6,18.89
2021/9/7,19.03
2021/9/8,19.38
2021/9/9,19.55
2021/9/10,18.31
2021/9/13,16.88
2021/9/14,17.09
2021/9/15,17.56
2021/9/16,17.31
2021/9/17,17.14
2021/9/22,21.71
2021/9/23,19.91
2021/9/24,19.19
2021/9/27,19.77
2021/9/28,20.58
2021/9/29,23.01
2021/9/30,22.3
2021/10/1,24.54
2021/10/4,25.4
2021/10/5,24.91
2021/10/6,25.44
2021/10/7,23.57
2021/10/8,24.36
2021/10/12,25.24
2021/10/13,24.13
2021/10/14,22.32
2021/10/15,20.17
2021/10/18,20.45
2021/10/19,19.56
2021/10/20,19.37
2021/10/21,18.88
2021/10/22,19.17
2021/10/25,19.72
2021/10/26,18.84
2021/10/27,18.51
2021/10/28,17.83
2021/10/29,18.98
2021/11/1,19.22
2021/11/2,19.84
2021/11/3,19.04
2021/11/4,18.18
2021/11/5,17.87
2021/11/8,16.99
2021/11/9,17.68
2021/11/10,17.13
2021/11/11,17.12
2021/11/12,16.35
2021/11/15,16.51
2021/11/16,15.88
2021/11/17,15.65
2021/11/18,15.03
2021/11/19,15.36
2021/11/22,16.3
2021/11/23,16.78
2021/11/24,16.39
2021/11/25,16.14
2021/11/26,19.26
2021/11/29,20.51
2021/11/30,19.77
2021/12/1,19.17
2021/12/2,19.78
2021/12/3,19.04
2021/12/6,20.05
2021/12/7,18.2
2021/12/8,17.33
2021/12/9,15.98
2021/12/10,16.35
2021/12/13,15.51
2021/12/14,16.37
2021/12/15,16.57
2021/12/16,14.65
2021/12/17,15.45
2021/12/20,17.87
2021/12/21,16.1
2021/12/22,15.8
2021/12/23,15.06
2021/12/24,14.83
2021/12/27,15.35
2021/12/28,14.85
2021/12/29,14.78
2021/12/30,14.47
2022/1/3,15.17
2022/1/4,15.32
2022/1/5,15.4
2022/1/6,16.27
2022/1/7,17.69
2022/1/10,16.5
2022/1/11,16.9
2022/1/12,16.17
2022/1/13,15.94
2022/1/14,16.96
2022/1/17,16.91
2022/1/18,17.97
2022/1/19,19.26
2022/1/20,17.98
2022/1/21,19.73
2022/1/24,19.97
2022/1/25,23.82
2022/1/26,24.01
2022/2/7,20.25
2022/2/8,19.31
2022/2/9,17.15
2022/2/10,16.09
2022/2/11,17.49
2022/2/14,20.77
2022/2/15,21.32
2022/2/16,18.4
2022/2/17,19.11
2022/2/18,19.31
2022/2/21,20.03
2022/2/22,22.25
2022/2/23,20.07
2022/2/24,24.58
2022/2/25,22.66
2022/3/1,21.52
2022/3/2,21.79
2022/3/3,20.72
2022/3/4,23.04
2022/3/7,26.54
2022/3/8,27.48
2022/3/9,24.31
2022/3/10,22.75
2022/3/11,23.64
2022/3/14,23.82
2022/3/15,25.17
2022/3/16,24.06
2022/3/17,20.58
2022/3/18,20.38
2022/3/21,19.53
2022/3/22,18.34
2022/3/23,16.69
2022/3/24,17.09
2022/3/25,17.29
2022/3/28,18.48
2022/3/29,17.25
2022/3/30,16.73
2022/3/31,17.3
2022/4/1,17.69
2022/4/6,17.77
2022/4/7,20.54
2022/4/8,19.02
2022/4/11,20.47
2022/4/12,20.9
2022/4/13,19.11
2022/4/14,18.35
2022/4/15,20
2022/4/18,20.89
2022/4/19,19.16
2022/4/20,18.59
2022/4/21,17.35
2022/4/22,17.71
2022/4/25,21.45
2022/4/26,20.36
2022/4/27,21.74
2022/4/28,21.55
2022/4/29,20.68
2022/5/3,21.95
2022/5/4,21.5
2022/5/5,19.51
2022/5/6,21.97
2022/5/9,24.01
2022/5/10,23.48
2022/5/11,23.19
2022/5/12,24.55
2022/5/13,21.64
2022/5/16,22.21
2022/5/17,20.01
2022/5/18,19.62
2022/5/19,21.24
2022/5/20,20.24
2022/5/23,21.42
2022/5/24,21.62
2022/5/25,20.46
2022/5/26,20.93
2022/5/27,19.72
2022/5/30,18.7
2022/5/31,18.32
2022/6/1,18.85
2022/6/2,18.69
2022/6/6,18.27
2022/6/7,18.57
2022/6/8,17.88
2022/6/9,17.55
2022/6/10,17.87
2022/6/13,21.05
2022/6/14,21.39
2022/6/15,21.67
2022/6/16,21.01
2022/6/17,22.69
2022/6/20,22.73
2022/6/21,20.82
2022/6/22,22.28
2022/6/23,23.03
2022/6/24,22.44
2022/6/27,22.08
2022/6/28,21.82
2022/6/29,22.18
2022/6/30,24.37
2022/7/1,27.01
2022/7/4,27.56
2022/7/5,27.18
2022/7/6,29.4
2022/7/7,28.26
2022/7/8,27.33
2022/7/11,26.95
2022/7/12,28.14
2022/7/13,27.6
2022/7/14,25.9
2022/7/15,25.02
2022/7/18,24.07
2022/7/19,23.54
2022/7/20,22.99
2022/7/21,21.11
2022/7/22,21.26
2022/7/25,21.66
2022/7/26,21.6
2022/7/27,21.56
2022/7/28,20.87
2022/7/29,19.9
2022/8/1,21.53
2022/8/2,26.1
2022/8/3,24.45
2022/8/4,24.05
2022/8/5,21.85
2022/8/8,21.37
2022/8/9,19.88
2022/8/10,20.07
2022/8/11,17.72
2022/8/12,16.86
2022/8/15,16.29
2022/8/16,16.42
2022/8/17,16.58
2022/8/18,16.58
2022/8/19,16.33
2022/8/22,17.87
2022/8/23,18.42
2022/8/24,18.4
2022/8/25,17.51
2022/8/26,17.52
2022/8/29,20.91
2022/8/30,19.67
2022/8/31,19.84
2022/9/1,21.85
2022/9/2,21.77
2022/9/5,21.92
2022/9/6,21.69
2022/9/7,22.49
2022/9/8,20.39
2022/9/12,20.84
2022/9/13,21.01
2022/9/14,21.82
2022/9/15,21.03
2022/9/16,21.11
2022/9/19,21.33
2022/9/20,20.58
2022/9/21,21.42
2022/9/22,20.99
2022/9/23,20.37
2022/9/26,23.33
2022/9/27,23.02
2022/9/28,24.74
2022/9/29,24.57
2022/9/30,25.08
2022/10/3,25.76
2022/10/4,24.41
2022/10/5,23.99
2022/10/6,23.69
2022/10/7,24.74
2022/10/11,27.38
2022/10/12,27.18
2022/10/13,27.83
2022/10/14,26.07
2022/10/17,27.07
2022/10/18,25.9
2022/10/19,25.71
2022/10/20,25.5
2022/10/21,25.83
2022/10/24,27.19
2022/10/25,27.62
2022/10/26,26.35
2022/10/27,24.78
2022/10/28,25.41
2022/10/31,24.88
2022/11/1,24.06
2022/11/2,23.96
2022/11/3,22.65
2022/11/4,21.93
2022/11/7,21.32
2022/11/8,20.08
2022/11/9,20.31
2022/11/10,20.7
2022/11/11,20.61
2022/11/14,21.82
2022/11/15,24.53
2022/11/16,24.23
2022/11/17,21.87
2022/11/18,21.61
2022/11/21,21.03
2022/11/22,19.75
2022/11/23,19.9
2022/11/24,18.9
2022/11/25,19.43
2022/11/28,20.92
2022/11/29,20.87
2022/11/30,20.26
2022/12/1,20.75
2022/12/2,20.33
2022/12/5,21.16
2022/12/6,22.18
2022/12/7,22.58
2022/12/8,21.72
2022/12/9,20.19
2022/12/12,21.07
2022/12/13,23.03
2022/12/14,20.07
2022/12/15,17.94
2022/12/16,18.46
2022/12/19,17.11
2022/12/20,19.19
2022/12/21,16.91
2022/12/22,15.88
2022/12/23,16.06
2022/12/26,15.65
2022/12/27,15.77
2022/12/28,17.02
2022/12/29,17.13
2022/12/30,16.42
2023/1/3,17.4
2023/1/4,17.45
2023/1/5,16.8
2023/1/6,16.66
2023/1/9,18.1
2023/1/10,17.71
2023/1/11,17.42
2023/1/12,17.81
2023/1/13,16.79
2023/1/16,17.1
2023/1/17,17.15
2023/1/30,18.92
2023/1/31,18.46
2023/2/1,18.37
2023/2/2,17.85
2023/2/3,18.2
2023/2/6,18.03
2023/2/7,17.59
2023/2/8,17.23
2023/2/9,16.76
2023/2/10,17.38
2023/2/13,18.69
2023/2/14,18.4
2023/2/15,17.65
2023/2/16,16.34
2023/2/17,16.49
2023/2/20,16.09
2023/2/21,15.61
2023/2/22,16.8
2023/2/23,16.55
2023/2/24,17.4
2023/3/1,16.87
2023/3/2,16.89
2023/3/3,16.59
2023/3/6,16.37
2023/3/7,16.1
2023/3/8,16.09
2023/3/9,15.89
2023/3/10,17.87
2023/3/13,18.46
2023/3/14,20.8
2023/3/15,18.4
2023/3/16,19.08
2023/3/17,17.51
2023/3/20,18.46
2023/3/21,17.8
2023/3/22,16.84
2023/3/23,16.58
2023/3/24,16.51
2023/3/27,17.12
2023/3/28,17.1
2023/3/29,16.64
2023/3/30,16.45
2023/3/31,16.95
2023/4/6,16.94
2023/4/7,16.17
2023/4/10,16.26
2023/4/11,16.37
2023/4/12,15.72
2023/4/13,15.93
2023/4/14,15.07
2023/4/17,15.06
2023/4/18,14.87
2023/4/19,15.36
2023/4/20,15.49
2023/4/21,15.14
2023/4/24,15.36
2023/4/25,16.1
2023/4/26,15.94
2023/4/27,15.72
2023/4/28,15.23
2023/5/2,14.95
2023/5/3,16.01
2023/5/4,15.21
2023/5/5,15.04
2023/5/8,14.02
2023/5/9,13.5
2023/5/10,13.62
2023/5/11,13.39
2023/5/12,13.04
2023/5/15,13.06
2023/5/16,12.65
2023/5/17,14.09
2023/5/18,14.65
2023/5/19,14.72
2023/5/22,14.91
2023/5/23,14.32
2023/5/24,13.81
2023/5/25,15.26
2023/5/26,15.93
2023/5/29,15.74
2023/5/30,15.39
2023/5/31,16.38
2023/6/1,15.59
2023/6/2,15.62
2023/6/5,15.92
2023/6/6,15.44
2023/6/7,14.99
2023/6/8,15.42
2023/6/9,15.23
2023/6/12,15.28
2023/6/13,16.02
2023/6/14,16.66
2023/6/15,15.81
2023/6/16,15.99
2023/6/19,15.84
2023/6/20,15.93
2023/6/21,16.01
2023/6/26,15.64
2023/6/27,15.44
2023/6/28,15.26
2023/6/29,15.59
2023/6/30,14.21
2023/7/3,15.15
2023/7/4,14.68
2023/7/5,14.42
2023/7/6,15.56
2023/7/7,16.38
2023/7/10,16.88
2023/7/11,15.36
2023/7/12,15.96
2023/7/13,16.3
2023/7/14,15.45
2023/7/17,15.69
2023/7/18,16.3
2023/7/19,16.49
2023/7/20,15.93
2023/7/21,15.5
2023/7/24,15.74
2023/7/25,15.37
2023/7/26,15.6
2023/7/27,15.68
2023/7/28,15.15
2023/7/31,16.31
2023/8/1,15.96
2023/8/2,16.74
2023/8/4,15.5
2023/8/7,15.18
2023/8/8,16.31
2023/8/9,16.14
2023/8/10,16.79
2023/8/11,16.39
2023/8/14,17.6
2023/8/15,16.25
2023/8/16,16.48
2023/8/17,15.99
2023/8/18,16.75
2023/8/21,16.34
2023/8/22,16.62
2023/8/23,16.03
2023/8/24,14.91
2023/8/25,16.4
2023/8/28,15.33
2023/8/29,14.86
2023/8/30,14.06
2023/8/31,14.08
2023/9/1,13.93
2023/9/4,13.71