Date,2882,2886,2881,2891,2892,2880,2883,2890,2888,8078,2887,2801,2884,6004,5854,2885,2834,2807,2837,2889,2845,2854,6005,2833,2847,2849,2855,2823,2812,5880,5871,2809,2867,9941,5876,6592,2838
2023/1/3,-0.001251274,0.00493182,0.001774105,0.002261354,-0.007577602,0.011071072,0.003960401,-0.008991146,0.003414915,,0,0.005816023,-0.002077456,,,-0.002310964,0.00384934,,,0.004415018,0.00453865,,-0.009258312,,,-0.013650558,0,,0,-0.003853791,0,-0.01037879,-0.018255842,0.003209808,0.00453043,-0.01481474,-0.003129852
2023/1/4,0,-0.00328403,0.01408442,0.00898997,-0.001902398,-0.002203523,0,0.006003071,0,,0.006599285,-0.002900712,-0.008371027,,,0.006907297,-0.00384934,,,0,0.00450881,,0.013850808,,,0.006848571,0.009538775,,0,0.003853791,0.027274168,-0.001491957,-0.001842187,0.025317699,0.015694484,0,0.006249938
2023/1/5,0.007481728,0.022764901,0.022473733,0.011121536,0.00948,0,0.007874056,0.008943883,0.009049836,,0.013069338,0.008683105,0.008371027,,,0.006855129,0.00384934,,,0.013129291,0.004497863,,0.004580886,,,0,0.003159479,,0.007782527,0.009569999,-0.013544341,0.005954518,0.003680986,0.003120378,0.012161527,0.004963044,0
2023/1/6,0.012345649,-0.004836443,0,0,0,0.006600565,0.00781254,0.005914273,0,,-0.003251356,0.00287567,-0.002086196,,,-0.002279825,-0.00384934,,,0.004338402,0,,0,,,0.006801987,0,,0,0.001903058,0.018018659,0.008862786,0.005514652,-0.006249815,-0.005509011,0.004937426,-0.009389616
2023/1/9,0.030213331,0.02394505,0.018628838,0.024046813,0.018690653,0.025975024,0.015444322,0.020441061,0.00896867,,0.019358272,0.005732687,0.026778272,,,0.027030079,0.019123667,,,0.004319661,0.022172594,,0.031464474,,,0.003383722,0.012539028,,0.007722426,0.026265444,0.030771915,0.005864179,0.007281452,0.009360487,0.021858508,0.009804508,0.003139678
2023/1/10,-0.007168874,0.001574378,-0.00673569,0,0.003695791,0.004265782,-0.003838776,0.005760879,0.001115449,,0.00318912,0.002851057,-0.004074676,,,0.004433275,0.0112949,,,0.004301082,0.008731388,,0,,,0.006733287,0.009308468,,0.007663247,0,0.008620362,0.00146144,-0.001815398,-0.003110672,-0.0021647,0.00486644,0.003129852
2023/1/11,-0.007218173,-0.009493632,-0.018755928,-0.002163563,-0.011132555,-0.012847897,-0.007722046,-0.002876291,-0.017998236,,-0.006388443,-0.002851057,-0.012320235,,,-0.006657305,0,,,0.004282662,0.008655811,,-0.004438679,,,-0.003360977,-0.009308468,,0,-0.011173968,-0.015135096,0.002913486,-0.003640714,0.024616519,0.0021647,0.023981048,0.003120086
2023/1/12,0.007218173,0,0.013676957,-0.008696828,-0.013145916,-0.015199367,0.003868477,-0.005777521,0.00113443,,-0.003209592,-0.002865262,-0.006219708,,,0.004443124,-0.003748223,,,0.016949558,-0.008655811,,0,,,0.003360977,0.003116694,,-0.003828355,-0.011300237,-0.015368158,-0.002913486,-0.00182534,0.003035147,0.003237168,-0.00474978,0.003110382
2023/1/13,0.002396154,0.006339092,-0.0034022,-0.004374661,0,-0.002193541,0,0.002892933,0.009029407,,0.009598035,0.002865262,0.008284377,,,-0.002219094,0,,,0.02079077,0,,0,,,-0.006733287,-0.006236742,,0,-0.001891796,-0.017857768,0.002913486,-0.005514652,-0.018349227,-0.001077144,-0.009569946,-0.006230468
2023/1/16,-0.001197359,0.010999261,0.011854688,0.010903234,0.009408674,0.017392909,0.003853569,0.005760879,0.001122965,,0.00634789,0.005694008,0.008211985,,,0.008846984,0.011210456,,,0.004106782,0.004341755,,0.004438679,,,0,-0.003129813,,0.003828355,0.018794624,0.041902387,0.002908016,-0.001838799,0.006153664,0.009661673,0.004796421,-0.003129852
2023/1/17,0.00597008,0,0.006711283,0.006486227,0.001870367,-0.010835626,0.003838776,0.019917651,0.006711435,,0,0,-0.012345594,,,0,0,,,0,0,,-0.004438679,,,0,0.006249861,,-0.003828355,-0.005602591,-0.006500163,0.014408666,0,0,0.006390379,-0.004796421,0.003129852
2023/1/30,0.016530975,0.018576145,0.019867761,0,0.005594139,0.019417741,0.011428696,0.008417021,0.007773498,,0.05540028,0.005667738,0.030584953,,,0.015300905,0.00740696,,,0.012220111,0,,0.021981091,,,0.003372311,0.012390038,,0.003828355,0.022224456,0.042559519,0.012794977,-0.007389196,0.012195563,0.017884151,0.009569946,0
2023/1/31,-0.003520447,-0.020141482,-0.013201219,-0.015197463,-0.030190158,-0.028168869,0,-0.03409555,-0.005546326,,-0.02731654,-0.005667738,-0.016195778,,,-0.024147889,-0.014869193,,,0.020040751,0.01290444,,0.008657138,,,0,0.012232186,,0,-0.03163243,-0.064538609,-0.021415835,0.025645038,0.009049879,-0.028557583,0.00474978,0.009331205
2023/2/1,0.01051963,0.020141482,-0.00332682,-0.004388813,0.007631403,0.006571637,-0.003795071,0,0,,0,0,0.006105805,,,0.01105117,0,,,0.003960401,0,,-0.008657138,,,-0.006756033,-0.009160083,,0,0.003773818,0.041355078,0.008620858,0.001805565,0.035402092,0.010673432,0,0.006172779
2023/2/2,0.024125361,0.007637769,0.008298166,-0.011047804,-0.005718086,-0.004377792,0,0.002884588,-0.004459316,,0,-0.008559271,0,,,0.002194733,-0.007518337,,,0.031130919,0.00425886,,0.021508297,,,0.003383722,0.02424286,,0.007604968,0.003759629,-0.015037551,0.00713015,0.010765459,-0.005814436,-0.007460537,0.004728388,0
2023/2/3,-0.017172469,-0.012251165,-0.011637888,-0.00445724,0.001909664,-0.002193845,-0.003809528,0.005744333,-0.013498518,,0.003071552,0,0.002022731,,,-0.002194733,0,,,0.007633625,0.008481175,,0.016876208,,,0.006733287,0.01190454,,0.003776895,0,-0.004338437,0.005664827,0,-0.005847779,0.009579415,0,0.015267275
2023/2/6,-0.015124181,-0.010842663,-0.006711283,-0.002231438,-0.005744032,-0.006615109,-0.003824096,-0.005744333,-0.009101314,,-0.009243106,-0.008633165,-0.008128536,,,-0.002204186,-0.00757529,,,-0.011472401,-0.004231596,,-0.008402504,,,-0.006733287,-0.005934555,,-0.003776895,-0.011317506,-0.010929161,-0.002829863,0.00890139,0.005847779,-0.012792311,0.018692054,-0.009132366
2023/2/7,0.003509819,0.004660333,0,-0.002241093,0.001921051,0,0,0.008683158,0,,-0.003100119,0.00576574,-0.004091347,,,0.002204186,0.018835554,,,-0.011605546,0.008436655,,0.008402504,,,0,0.005934555,,0,0.001891796,0,0.002829863,0.005292385,-0.002919284,0.004283053,0.013794036,0
2023/2/8,0.001168002,-0.003105557,-0.003373516,0.004472531,0,0,-0.003838776,-0.008683158,0,,0,-0.00576574,0.004091347,,,-0.004408605,-0.003741927,,,-0.00781254,0,,0.032921303,,,-0.003383722,0.011764488,,0,-0.001891796,0.013100732,-0.002829863,-0.010612928,0.014513892,0.001066792,0,-0.006134909
2023/2/9,-0.005851302,-0.001554775,-0.001690126,-0.004472531,0.001913318,-0.002217836,0,0,-0.003434462,,0.006190657,0,0.004074676,,,0.002204419,0,,,0.003913899,-0.016945094,,-0.016325181,,,0,0.002919623,,0,0,0,-0.012828511,-0.00894909,-0.008683164,0.002132393,-0.00917485,-0.006172779
2023/2/10,0.001173481,0.015456059,-0.003388846,0.006703634,0.007616871,0.006629748,-0.007722046,0,-0.006904515,,-0.003090538,0,0.00405386,,,0.004398919,0.007462233,,,-0.011787956,0,,-0.020792866,,,-0.006801987,0,,0,0.009439458,0.010787228,-0.002874587,-0.014457819,-0.002911444,0.002127856,0.00917485,0.003091152
2023/2/13,0.00584446,0.021244839,0.010134084,0.013273941,0.009444202,0.002203197,0.011560822,0.01155885,-0.004629638,,0.009243106,-0.002892323,0.02004318,,,0,0.022058295,,,-0.003960401,0,,0,,,0,0,,0.003776895,0.007491121,-0.004301119,-0.005771098,0.003634098,-0.005847779,0.002123338,0.02257346,0
2023/2/14,0.016184604,0.00748093,0.010034202,0.006571476,0.003751261,0.010930348,0,-0.002875692,0.010386706,,0.003062147,0.002892323,0.001982818,,,0,0.003633276,,,0.011834458,0.00425886,,0.004196744,,,0.010185709,0.011593989,,0,-0.001867526,0.008583817,0.008645685,0.012616339,0,0.003175477,-0.004473506,0.009216535
2023/2/15,-0.015019324,-0.004482465,-0.010034202,-0.015398088,-0.009408674,-0.010930348,-0.003838776,-0.008683158,0,,-0.006133699,-0.002892323,-0.00795497,,,-0.008812627,-0.007272268,,,-0.007874056,-0.00425886,,-0.008402504,,,-0.013604132,-0.011593989,,-0.003776895,-0.005623595,0.002134491,-0.021757515,-0.01080423,-0.008836625,-0.010625856,-0.018099954,0.006097501
2023/2/16,0.002324122,0,-0.001681597,0.006629544,0.003776492,0.002193845,0.003838776,0.005799172,-0.001148765,,0,0.002892323,0.001994683,,,0.006617894,0,,,-0.003960401,0.00425886,,-0.008473704,,,0.0068252,-0.002919623,,0,-0.001881582,-0.012875825,0.002929303,0.007215775,0.002954449,0.006390379,0.009090418,0.01508305
2023/2/17,0.021828942,0.002989501,0.015037094,0.002197069,-0.001884465,0.004377792,0.011428696,0.005759678,0.005730675,,0.009186498,0.008633165,0.011881096,,,0,0.007272268,,,0.011834458,0,,0,,,0,-0.008810365,,0.003776895,0.001881582,0,0,-0.009027883,0,0.001060001,-0.004535391,-0.018127153
2023/2/20,0.010174704,0.016285927,0.00661145,0.008753917,0.009387014,0.004358711,0.011299555,-0.002875692,0.00796817,,0.012125292,0.005716319,0.023346916,,,0.0065698,0.014387776,,,-0.003929278,0.008481175,,0.008473704,,,0.00339521,0.002945422,,0.011261704,0.009355166,-0.002161726,0.011629171,-0.001815398,0.005882176,0.013691787,0.004535391,-0.006116148
2023/2/21,-0.013590961,-0.011816812,-0.008270719,-0.006557102,-0.001870367,-0.006542962,-0.011299555,-0.002883986,-0.003407158,,-0.003015951,0,-0.049270803,,,-0.0065698,-0.003573885,,,0,-0.012740035,,0.008402504,,,0.003383722,0.002936771,,-0.003742481,-0.005602591,-0.01088159,-0.00579918,-0.018356276,-0.002937095,0,-0.004535391,-0.003072159
2023/2/22,-0.011467844,0.004446139,-0.004996184,0,0.009320976,0.004363741,-0.007604599,-0.005799172,-0.004561011,,0,-0.005716319,0.006044322,,,0,0.017757586,,,-0.015873349,0.00425886,,0,,,-0.003383722,0.002928172,,0.007463106,-0.007519285,-0.0021906,-0.005829991,0.003694585,-0.005899529,-0.003142205,-0.004555027,0
2023/2/23,-0.001154522,-0.004446139,-0.001670358,0.002191999,0.003702633,0,0.007604599,0.008683158,0.001142205,,0,0.002865262,0.002006683,,,0.004384659,0.013985334,,,0.00796817,0.004249579,,0.008332489,,,0.006756033,0.005830746,,0.014761168,0.011257832,-0.013245338,-0.002929303,0,0.005899529,0.004186692,0.004555027,-0.003081626
2023/2/24,0.003459576,-0.010457081,0.003339722,-0.004388813,-0.009286367,-0.004363741,0,-0.008683158,0.014731145,,-0.006065834,-0.002865262,0,,,-0.004384659,0,,,0,0.004231596,,0.008263632,,,0,0,,0.007299671,-0.005613073,0.002219775,0,-0.00554701,0,-0.004186692,0.009050305,0.003081626
2023/3/1,-0.016243305,0.011940291,-0.016807635,-0.002197069,-0.007488503,0,-0.011428696,0,-0.015873349,,-0.006096306,0.002865262,-0.006032169,,,-0.015504187,0.027404204,,,0,-0.004231596,,-0.020792866,,,-0.016976443,-0.005830746,,0.010846735,-0.007533447,0.015401973,-0.008836698,0.003738741,0.020379482,-0.004206487,-0.009050305,-0.012383897
2023/3/2,0.005830837,-0.02250788,0.006756629,-0.006629544,-0.011342988,-0.004387386,0.003824096,-0.008759216,-0.00458191,,0,-0.005732687,-0.004041756,,,0.004453017,-0.010189653,,,0,0,,-0.004205759,,,0.003418423,0,,-0.010846735,-0.001892263,-0.013187114,0.004429629,0,0.011461069,-0.006343095,0.009050305,0
2023/3/3,-0.002326829,-0.004561102,0.001681597,-0.006678432,0.001898786,0,0,0,0.002293579,,-0.003062147,0.002867425,-0.002022731,,,0.002219094,-0.01721455,,,0,-0.038885036,,0,,,0,-0.005864944,,0,0,0,0.018965544,0,0,0.003175477,0.013422709,-0.003120086
2023/3/6,0.016184604,0.004561102,0.008369409,0.006678432,0.003786789,0.006571637,0.003809528,0,0,,0.006114946,0.002865262,0.008079255,,,0.006627889,0.006919998,,,0.015748357,0.004399014,,0.020871099,,,0,0.01169569,,0.010846735,0.007547662,0.008810703,0.002884055,0.003706226,0.016949645,0.010516311,0.004434827,0.006230468
2023/3/7,0.003435811,0.006051389,-0.003339722,0.004423045,0.009408674,0.006528732,0.007575794,0.005850043,0.004571437,,0.006084268,0.002851057,0.006020064,,,0.008773986,0.006872441,,,0.023167059,0,,0.020452708,,,0.003406777,0.011560481,,0.010737909,0.001878048,0.017391432,0.010036546,0.00556144,0.01941839,0.001044487,0.017544232,0
2023/3/8,0,0.0045162,0.003339722,0.004403568,0.001870367,-0.006528732,-0.003780723,0.002909173,-0.003426617,,0,-0.005716319,0,,,-0.004375067,0.003422112,,,0.003809528,-0.004399014,,-0.0040522,,,0,-0.005763535,,0.007092576,-0.001878048,0.002152872,-0.001428061,-0.003704188,-0.011050098,-0.001044487,0.012958847,0.009273516
2023/3/9,-0.002289229,-0.010567588,-0.010051005,-0.011047804,-0.003744238,-0.004377792,-0.007604599,-0.011694021,-0.004587164,,-0.00304076,0.005716319,-0.006020064,,,-0.006603338,0,,,0,0.004399014,,-0.00816242,,,0,-0.032307273,,-0.007092576,-0.005655399,0.008565436,0,-0.005563478,0,-0.010516311,-0.021691994,-0.003081626
2023/3/10,-0.022003541,-0.009146303,-0.018692167,-0.011175898,-0.011321592,-0.008808954,-0.015384919,-0.008862706,-0.018562018,,-0.018401559,-0.011459414,-0.012145647,,,-0.015573225,-0.010294552,,,0,-0.013246317,,-0.024903427,,,-0.003406777,-0.021116272,,-0.010737909,-0.011403577,-0.032505389,-0.012939185,-0.00935436,-0.005570863,-0.031134615,0.021691994,0
2023/3/13,-0.009413128,-0.003067453,-0.010345616,-0.002246498,-0.003801184,-0.004436033,-0.00778214,-0.00297596,-0.016529302,,0,-0.00289007,-0.008178386,,,0.002238979,-0.013888216,,,0.003795071,-0.004457804,,0.008367386,,,0,0,,-0.010846735,-0.001913986,0.032505389,0.001446645,-0.022821777,0.002789625,-0.008760897,0.029601053,-0.003091152
2023/3/14,-0.017889295,-0.013919553,-0.017481629,-0.022780547,-0.009570731,-0.015675977,-0.019724505,-0.014988633,-0.021661497,,-0.018753288,-0.008708346,-0.01240097,,,-0.018058571,-0.017632314,,,-0.074690893,-0.013475147,,-0.02104685,,,-0.010290526,-0.024698224,,-0.010973493,-0.011561489,-0.021552286,-0.011629171,-0.01160922,-0.022536699,-0.020002494,-0.021053549,-0.012461056
2023/3/15,-0.001204568,-0.003120087,-0.003534442,-0.006936121,-0.003852453,-0.009073296,-0.003992021,0,-0.0061013,,0,-0.005843852,-0.002077456,,,0.00454888,-0.003568502,,,-0.028987537,0,,-0.004268323,,,-0.006919656,-0.00941898,,0.007326439,-0.007782593,0,-0.002929303,-0.001951296,0.002845181,0.001122975,0.029351848,-0.009448763
2023/3/16,-0.024391089,-0.010999261,-0.025091329,-0.030626865,-0.003867352,-0.018387824,-0.032523192,-0.015223182,-0.019778148,,-0.015895231,-0.002940996,-0.018929834,,,-0.016000341,-0.097456671,,,-0.016949558,-0.013668714,,-0.012906485,,,-0.006967872,-0.019108364,,-0.01469908,-0.011788649,-0.006557455,-0.0207397,-0.017695392,-0.022989414,0.003356728,-0.020877734,-0.038713984
2023/3/17,0.012269908,0.00315454,0.007233146,-0.002396762,0,0.004626377,0.008230499,-0.00307005,0.001247661,,0.02531918,-0.002943439,0.006351331,,,0.006886601,0.00784267,,,0.037740328,0.031601664,,0.025648512,,,0.010433685,0.012779393,,0.003693115,0.001974451,0.008733752,0.004479477,0.001986098,0.002902992,-0.001116882,-0.004227604,0.013071901
2023/3/20,-0.019705282,0.00784472,-0.009049149,0.007168169,-0.005833345,-0.009279049,-0.008230499,-0.01863412,-0.003747662,,-0.003135933,-0.011867473,0.002103725,,,-0.002290268,0.011653854,,,0.028399475,-0.0224716,,0.012573145,,,-0.003465813,0.021984693,,0.003679526,-0.005935087,0.004338437,0,0.019608086,0.005780172,0.010016531,0,-0.009787871
2023/3/21,0.013589146,0.006230469,0.005440087,0.002379664,0.00776889,0.013888848,0.012320484,0.009360463,0.019827167,,0.006255393,0.011867473,0.008388582,,,0.006855129,0.022900231,,,0.039220713,0.00904746,,0.004161848,,,0.006919656,0.01540814,,0.010973493,0.007905647,-0.008695779,0.01037879,0.011586763,0.005746954,0.007721603,-0.00424651,0.006535881
2023/3/22,0.014617351,0.015408427,0.016143004,0.014150531,0.013448966,0.013698587,0.012170536,0.018462103,0.01340666,,0.015452985,0.014643597,0.020660014,,,0.006813207,0.003770113,,,0.022814678,0.008966337,,0.008263632,,,0.003441955,0.00609739,,0.0036261,0.021423684,0.021598839,0.008810736,-0.005786272,0.011396404,0.017428968,0.016877962,0.009724417
2023/3/23,0.004824532,0.013665889,0.00532424,0.009325264,0.007602395,0,0.012024193,0,0.003625382,,0.012199213,0.002900712,0.008149387,,,0.006762382,0,,,0.029631798,-0.004468473,,0.00411056,,,0.006848571,-0.012232186,,0,0.005764036,0.012739134,0.005829991,-0.009699284,0.005649547,0.015007013,-0.004193096,0.006430803
2023/3/24,-0.006034929,-0.001507839,-0.003545069,-0.006984567,-0.001895187,0.002263414,-0.012024193,0,0.001205546,,0,-0.002900712,0.002022731,,,-0.00224905,-0.007546677,,,-0.029631798,-0.004497863,,-0.008238087,,,0,-0.003081569,,0,0.001913986,-0.021322951,-0.005829991,-0.007823799,-0.008486655,-0.00640402,0,0.006389712
2023/3/27,0.001210397,-0.001513278,0,0.002330381,0,0,0.00402415,0.009104786,-0.003621006,,-0.00304076,0,0,,,-0.00225412,0,,,-0.030536724,-0.00450881,,-0.004136106,,,0.003406777,-0.003091095,,-0.0036261,0.001910329,0.004301119,0.011629171,-0.003925093,0.005665553,-0.009682465,0,-0.006389712
2023/3/28,0.004824532,-0.006069754,0.003545069,0.002329801,-0.003801184,0.002262944,0,0.003014483,0.003621006,,-0.003043508,0.005793035,0.004041756,,,0.006747173,0.003776563,,,0.011560822,0.00450881,,-0.004161848,,,0,0,,0.007246771,0,0,0.002884055,-0.00197824,0,0,-0.008438356,0.003199959
2023/3/29,0.007194654,-0.00152162,0.007054546,0.009260507,0.007587973,0.006749047,0.011976191,0.008995601,0.014354313,,0,0.00289007,0.004025486,,,0.004477644,0,,,0.011428696,-0.00450881,,0,,,0,-0.003100679,,0,0.001906687,-0.019501952,-0.001442476,-0.001982161,0.011236341,0.008610014,0.016807039,-0.009630762
2023/3/30,-0.005991536,-0.003053399,-0.001758503,-0.002308301,-0.001891602,-0.004495843,-0.00796817,-0.012010084,0.001186944,,0,-0.005782392,0.004009346,,,-0.004477644,0,,,-0.058496207,0,,-0.004170642,,,0,-0.006236742,,-0.003620672,-0.005731002,-0.013216162,0.002882874,-0.001986098,-0.002797429,-0.007530542,0.004158224,0
2023/3/31,0.004795609,0.009132367,-0.005296043,0.009196643,0.001891602,0.006733908,0.003992021,0.003014483,-0.001186944,,0.012125292,0.005782392,0.011928303,,,0.002238979,0.014980569,,,-0.00806456,0.00450881,,0.004170642,,,0.006778932,0.006236742,,0.003620672,0,-0.00890882,0.014285157,-0.00199005,0.005587055,0.013941412,0,0.022329175
2023/4/6,0.004772721,0,0.005296043,-0.006888343,0.005657413,0.006688865,0,-0.003014483,0.004739345,,0.003006882,0.005743095,0.005909138,,,0.002238665,0,,,-0.004056801,0.008966337,,0,,,-0.006778932,0.003100679,,0.003599964,0.003824315,-0.013513834,0.005659737,-0.001974059,-0.005587055,-0.01070549,0,-0.015898372
2023/4/7,0.005934649,-0.006078969,0.001758503,0,-0.003765386,-0.002223128,0.019724505,0.003014483,0.00471699,,0,-0.002867425,-0.00637736,,,0,-0.003720305,,,-0.004073325,0,,0.004161848,,,0,-0.003100679,,0.003594669,0,0.013513834,0,-0.014050059,0.002797429,-0.001078225,0,0.003199959
2023/4/10,0.007075879,0.006078969,0.003509639,0.004595906,0.001884465,0.002223128,0.00778214,0.003005423,0.002350177,,0.002997868,0.005732687,0,,,0.002228987,0.003720305,,,0,0,,0.012374193,,,0,0.003100679,,0,0.003809745,0.002234657,-0.021385293,0.012052096,-0.002797429,0.010719197,0.008264006,0.003189752
2023/4/11,0.002348341,0.004533522,0,0.002292437,0.00375831,0.006644422,0.007722046,-0.003005423,0.004683849,,0.005968908,0.005694008,0.009948385,,,0.004443124,0.025691571,,,0.012170536,0.008895824,,0.020278345,,,0,0.01840485,,0.003574203,0.005683502,0.017699725,0.002878725,0.011908571,0.035767605,0.001064519,0.05989854,0.00317961
2023/4/12,0.00700974,0,0.003495489,0.006841218,0.001873872,-0.004426225,0.015267472,0,-0.003510829,,0.008887087,-0.002842951,0.001977029,,,0,0.003620123,,,0.008032172,0,,0.004011719,,,0.00339521,0,,0.007117845,-0.001892263,0,-0.002878725,0.009813351,-0.002706578,0.001065601,-0.0038837,0.00632905
2023/4/13,-0.008183221,0.0045162,0.001745046,0.01354361,0.001870367,0.006629748,0,0.01197415,-0.003523198,,0.008815061,0,0,,,0,0.007193768,,,-0.004008021,-0.008895824,,0,,,0,-0.003044048,,0.003543768,0.003780952,0.006557455,-0.0043307,0.030755647,0,0.001062255,0,0.003149567
2023/4/14,0.012828442,0.004495895,0.020689914,0.008929771,0.003734215,0.004397042,0.007547206,0.005936852,0.00936775,,0.00291909,0.002842951,0.005911851,,,0.00442347,0,,,0.004008021,0.004457804,,0.091665328,,,0,0.018126825,,0,0.00376671,0.017278738,0,0.022480025,0,0.009518619,0.026872683,0.003139678
2023/4/17,0.001158532,0,-0.001707444,0,-0.003734215,-0.004397042,-0.003766483,-0.005936852,-0.001166181,,0.002910593,-0.005694008,-0.00788888,,,-0.006642565,0,,,0,-0.008926277,,-0.025880544,,,0,0.005969985,,0,-0.001881582,-0.015102441,0.002888224,-0.024360528,0.002706578,-0.007395281,0.018762406,-0.003139678
2023/4/18,-0.002318408,0.022172022,0.001707444,-0.00445724,0.005594139,0,-0.007575794,0,-0.005851392,,0.002902146,0.002851057,0.001977029,,,0,-0.003594127,,,0.00796817,0,,0.003741769,,,-0.00339521,0.0118341,,-0.007092576,0.001881582,0,0.002882874,-0.019157159,0,-0.010662064,-0.018762406,-0.006309085
2023/4/19,-0.008154633,-0.004394023,-0.006849184,0.002231103,-0.001859923,0.004397042,-0.007633625,0,-0.003527341,,-0.00581274,-0.002851057,-0.009928638,,,-0.00222403,-0.003599641,,,-0.020040751,0,,0.033030747,,,0.00339521,-0.017804084,,0.003548807,0,-0.004357341,-0.008670682,0.001916841,0.008075452,-0.009692905,0.007547597,0.009448763
2023/4/20,0.004669288,-0.004416498,-0.005168315,-0.004462541,-0.00186734,-0.002193845,0,-0.008968727,-0.003539827,,-0.005846725,0.002851057,-0.006006527,,,-0.006706631,-0.003620123,,,0.00404041,0,,-0.010891972,,,0.006756033,0,,-0.010692047,-0.007547662,-0.017621748,0.004346229,-0.009699284,-0.00268478,0.003242915,-0.018976028,-0.009448763
2023/4/21,-0.005837634,0.004416498,0,-0.002241093,0.003727264,0.002193845,0.007633625,0.00300273,-0.009501259,,0.005846725,0,-0.002008818,,,0.006706631,0,,,-0.00809721,-0.004497863,,-0.018418595,,,0,-0.00902234,,0,-0.001891796,0.002219775,0.001441579,-0.005857192,-0.0189968,0,-0.027185794,-0.003169532
2023/4/24,-0.001172106,0.001465799,0.003447276,0.006703634,0.00185647,0.002193541,0.003795071,0,0.011862535,,0.002910593,0,0.006018569,,,-0.002228987,0.007219764,,,0.004056801,0.004497863,,0.011093327,,,0.006710695,0.00902234,,0.003574203,0.005672747,0.002214859,-0.002888224,-0.001966608,0.008185627,0.009661673,0.015625242,0.003169532
2023/4/25,-0.001173481,-0.005882298,-0.010379554,-0.004462541,-0.00185647,-0.002193541,-0.019121041,-0.00300273,-0.009478744,,-0.005829683,-0.002851057,-0.002004961,,,0,-0.003599641,,,-0.004056801,-0.004497863,,-0.007379324,,,-0.006710695,-0.015082777,,0,0.001885129,-0.017857768,-0.002899584,-0.009871592,-0.010928713,-0.006431479,-0.011696645,0
2023/4/26,-0.005885742,0.002945474,0.005204174,0.004462541,0.005559103,0.006557283,0.007692346,0,-0.001191185,,0.008731829,0,0,,,0.002228987,0.003599641,,,0,0,,0.007379324,,,0.010056074,0.00303481,,0.007117845,0.001881582,0.01119842,0.01297947,0.023537895,0.005479286,0.006431479,0.030891215,0.006309085
2023/4/27,-0.002364997,-0.004419927,-0.001732959,-0.002231103,-0.001849603,-0.006557283,-0.007692346,0.005990177,-0.004778982,,-0.002902146,0.008534885,-0.006030684,,,0,0,,,-0.004073325,0,,-0.007379324,,,0,-0.00303481,,0,0,-0.020248333,-0.001434201,0.015376914,-0.005479286,-0.01724113,-0.003809724,0.00626953
2023/4/28,0.004724414,0.005890952,0.022281155,0.008890098,0.003695791,-0.040273158,0.011516442,-0.002987447,0.003586376,,0.005795895,0.008462657,0.006030684,,,0.006657305,0.003594127,,,0.008130126,0.008966337,,0.014704592,,,0.003327404,0.012084366,,0,0.005623595,0.013544341,0.01141057,0.00381709,0.013642637,0.009734825,0.011385056,0.006230468
2023/5/2,0.001175222,0.001465799,-0.003396426,0.013186421,0.003686076,0,0.007604599,0.008941956,0.007134394,,0.002885399,0.011171322,-0.00200479,,,0.004413708,0.007142387,,,-0.008130126,0,,0,,,-0.003327404,0,,0.021054508,0.016683491,0.008928706,0.005659737,-0.013404744,0.01612946,-0.009734825,0.022389311,0.009273516
2023/5/3,-0.002354235,0.001466714,-0.003406166,0.002182441,-0.009234897,-0.002284104,0,0.002960892,-0.00237248,,-0.002885399,-0.00836825,-0.004025894,,,0.002204186,-0.007142387,,,0,-0.004468473,,0.018085477,,,0,-0.009049556,,0.003470064,-0.005530295,-0.011173395,-0.00849873,-0.011631764,-0.00534743,-0.010930065,-0.007407824,-0.009273516
2023/5/4,0.002354235,0.004381185,0.008495579,0.006514387,0.003702633,0.004563003,0.003780723,0.005901813,0,,0.002885399,0.005588568,0.004025894,,,0.0065698,0.003573885,,,0,0.004468473,,0.010697797,,,0.003327404,0.003025627,,0.006896908,0.003690259,-0.006764458,0.012719713,-0.003894444,0.008010761,0.001097256,-0.01121481,0.003100737
2023/5/5,0.003524583,-0.001457246,0,-0.002168255,0.001846188,0.00227839,0.003766483,0.002934805,0.00237248,,0.011465152,0.005551657,0.00200479,,,-0.002185141,0.003568502,,,0.004073325,0,,-0.017891301,,,0,-0.003025627,,0.006842412,0.001840035,-0.002265026,-0.008462781,0.001958903,0.010581761,0.01416935,-0.026668773,0.003091152
2023/5/8,0.009333862,0.001457246,0.005063642,0.012935109,0.011009984,0,-0.038318864,0.008759216,-0.00237248,,0.022531408,-0.002771976,0,,,0.00654115,0,,,-0.008163311,0,,0.014335632,,,0,0.015037415,,0,0.003669945,0.024637513,0.007056798,-0.003921651,0.01307195,0.003242915,-0.007751507,-0.006191889
2023/5/9,0.010400432,0.005813899,0.001681597,-0.00214501,0.005457944,0.002268548,0.00389864,0.005799172,0.011806513,,0.005560344,0.002771976,0.004001736,,,0,-0.003568502,,,-0.004106782,0,,-0.014335632,,,0,-0.008995287,,0.003410958,0.001829934,-0.008889022,0.001405983,0.001962748,0.015464304,0.003230195,0.011605277,0
2023/5/10,-0.010400432,0.008657958,-0.005055112,0,-0.001816007,0.006779561,0.007751977,0,0,,0.002765664,-0.005551657,0.017801998,,,0,-0.003573885,,,0.004106782,0.004457804,,0,,,-0.006672782,0.00600584,,0,0,0.004454388,-0.004220983,0.025113862,-0.023287069,0,0,0.006191889
2023/5/11,0.014987054,0,0.005055112,0,0,-0.004516147,-0.011650617,-0.011632171,-0.005885832,,0.010986795,0.005551657,-0.001961509,,,-0.004356009,-0.003594127,,,-0.008230499,-0.004457804,,-0.010891972,,,0,-0.00902234,,-0.01025337,-0.001829934,-0.002224714,-0.002825865,-0.019268121,0,0,-0.03922009,-0.009302271
2023/5/12,-0.024320916,-0.014471858,-0.008438226,-0.008621845,-0.009129834,-0.009089251,-0.011787956,-0.011762835,-0.032396354,,-0.002735403,-0.008344988,-0.00788888,,,-0.010978405,-0.003599641,,,-0.004140793,-0.004468473,,-0.029628639,,,0.003345379,-0.009104484,,0,-0.00550998,-0.01119842,-0.007096859,0,0.002614591,-0.00647311,0.003991329,0
2023/5/15,0.016278703,0.005813899,0.006756629,0.010766854,0.005487897,0.002278899,0.011787956,0,0.006079046,,-0.005493356,0.005573012,0.001977029,,,0.006603338,0.003599641,,,-0.00415801,0.004468473,,-0.015157998,,,-0.003345379,-0.003053342,,0.003427058,0.00550998,-0.060343157,0,-0.001951296,-0.01578988,0.004320059,-0.003991329,0.003110382
2023/5/16,0.005750361,0.018666557,0.006711283,0.008525488,0.005457944,0.006810352,0.015504187,0.011762835,0.01682732,,0.013677219,0.005542126,0.015689281,,,0.006555444,0.007168012,,,0.01242252,0,,0.011388046,,,0.019872774,-0.003062694,,0.003415354,0.007299729,-0.004796213,0.008510789,-0.003894444,0.007926105,0.003228959,0.007967684,0.012345675
2023/5/17,0.007996284,0.012719383,0.006666542,0.01056221,0.012624332,0.011250055,0.003838776,0.005832999,0.013025643,,0.005418935,0.002756677,0.00775127,,,0.006517296,0.007116997,,,0.020367303,0.013305107,,0,,,-0.013199991,0.009160083,,0.006803116,0.01444152,0.028438176,0.019579367,0.007793237,0.010471548,0.009620358,0.019647129,0.021244836
2023/5/18,0.010186225,0.009784785,0.014840505,0.01252568,0.005364176,0.008907062,0.011428696,0,0.017493157,,-0.002705797,0.008230499,0.00385121,,,0.012899558,0.010585037,,,0.008032172,0,,0.014979997,,,0.009916292,0.018072224,,-0.003392158,0.00536225,0.018519201,-0.004162402,0.001943711,0.012936658,0.003185593,0.007751507,0
2023/5/19,0.016750558,0.001388385,0.008149379,0.012370726,0.001780427,0.008832945,0,0.002900735,0.001155402,,0,0,0.01147338,,,0.002138319,-0.003518333,,,-0.008032172,0.004399014,,0.003714003,,,-0.003294517,-0.002989447,,0,0.005329861,-0.009216731,0.00554698,0.005789261,-0.005154481,0.003175477,-0.02343803,0.008968557
2023/5/22,0,0.005540116,0.001621588,0.006128444,-0.00356403,-0.00440672,0.007547206,0.008658115,0.001154068,,0.005410063,0.002726596,-0.003807192,,,0,0.003518333,,,-0.00404041,-0.004399014,,0.003692677,,,0.006578216,0.005969985,,0,0,-0.004640418,0.004142266,0.003853792,0.015384415,0.004219805,0.02343803,0
2023/5/23,-0.007780657,0,-0.004874425,0.002035906,0.005341293,0,0,0.002873487,-0.008106588,,0.010721686,-0.002726596,-0.003825747,,,0.008490083,0,,,0.016064603,0.004399014,,0.014658261,,,0.006535225,0.0118341,,0,0,-0.007001254,-0.01108153,0.015230465,0.002541502,-0.009518619,0.007692745,-0.002980591
2023/5/24,0,-0.008321727,0,-0.004075966,-0.005341293,-0.004426225,0,-0.005749179,-0.004662013,,-0.002669664,0,0,,,-0.004236031,-0.007041796,,,0.00793655,-0.004399014,,-0.003646346,,,-0.013113441,0.002936771,,0,0.005305373,-0.016529442,0.005554687,-0.003776418,-0.005088903,-0.004260249,-0.007692745,-0.008995449
2023/5/25,-0.016884825,0.008321727,-0.016419478,-0.01645911,-0.008969863,-0.011145127,-0.022814678,-0.011592331,-0.012933749,,-0.018895743,-0.010987176,-0.0115618,,,-0.01282135,-0.007091735,,,0,-0.008847303,,-0.003652162,,,0,-0.005882193,,-0.003410958,-0.012419458,-0.019231016,-0.019579367,-0.015307839,-0.005114932,-0.019396701,0.019121176,-0.012121205
2023/5/26,-0.003410053,-0.001380709,0.001653778,0,0,-0.002247705,-0.011605546,-0.002923826,-0.003556613,,0,0,-0.001938677,,,0.010696586,0,,,-0.00793655,0.00443802,,0.003652162,,,0,0.005882193,,-0.003415354,0,0,-0.002829863,-0.00384932,0.010203835,-0.003268922,0.011300139,-0.003053398
2023/5/29,0.019177746,0.001380709,0.009869158,0.012370726,0.008969863,-0.002248138,-0.00389864,0.002923826,0.024634677,,0.002720519,0.002756677,0.001938677,,,0.002124764,0.003548495,,,0.003976148,0.004409283,,0.010891972,,,0.006578216,0.008758919,,0.003415354,0.00356527,0.021609159,0.001415933,0.009624453,-0.007643387,0.001090072,-0.011300139,-0.00306275
2023/5/30,-0.005602166,0,-0.004922404,0.004088384,0.00356403,0.002248138,0,0,-0.005810592,,0.002713138,0.005496449,0.003870151,,,0.006347337,-0.010690882,,,0,-0.004409283,,0.007193504,,,0.003272951,-0.005830746,,0.003410958,0,-0.016767004,0.001413931,-0.001921341,-0.005128048,0.003267629,-0.011428431,0.006116148
2023/5/31,-0.004506283,-0.011111096,0,-0.008193552,0,0,-0.007843177,0.008708346,0.004651171,,-0.005433658,-0.013795252,0,,,0.006311705,0.010690882,,,-0.011976191,-0.008895824,,-0.00359398,,,-0.003272951,-0.002928172,,-0.003410958,-0.005352683,-0.021978579,0.015416964,0.007644228,0.002567601,-0.018651668,-0.003838975,0.015128688
2023/6/1,-0.00679309,0.001397115,-0.006600532,0,-0.016142956,-0.002248138,0.007843177,-0.008708346,-0.014018921,,0,0.002771976,-0.001935225,,,-0.008423011,-0.007116997,,,0,0.004457804,,0.00359398,,,-0.003283699,0.002928172,,0,-0.001790614,0.00982817,-0.00557792,0,0,0.006623142,-0.00385377,-0.006024038
2023/6/2,0.010174704,0.00694776,0.003304825,0,-0.001809428,0.004495843,0.00778214,0,0.005865119,,0.005433658,0.008275925,0.005786435,,,0.008423011,0,,,-0.00806456,0.00443802,,0.007142127,,,0,0.014513612,,0.003410958,0.010692111,0.002442024,0.002791411,-0.001910366,0,-0.001101961,0.019121176,0.003016555
2023/6/5,0.017837883,0.0164837,0.017989078,0.006153577,0.005418491,0.004471131,0.007722046,0.008708346,0.066729103,,0.010785275,0.00274735,0.013371554,,,0.006267742,0.010660238,,,-0.008130126,0,,0.017638881,,,0.01307059,0.017142776,,0.003392158,-0.001770936,0.007289983,0.006948912,0.009496603,0.010203835,0.008772787,0,0.008995449
2023/6/6,0,-0.005464432,0.003237045,0,0,-0.002233067,0.007662873,0.002883986,-0.012108018,,0,0,0.007564745,,,0.008300683,-0.00354324,,,0,0.004409283,,-0.003505858,,,0.003241127,0.014064525,,0.003387871,0.003542522,0.012033943,0.004147994,-0.003776418,0.010101335,0.009777132,0.033522758,0.002980591
2023/6/7,0.003308483,0.013605497,-0.001618083,0.006115942,0.005389289,0.002233067,0,0.005749179,0.02082267,,0.008009029,0.00273405,0.005630367,,,0.01639321,0.010585037,,,-0.004089985,0,,0.017393483,,,0.003230656,-0.005602095,,0,0.003533786,0.018958075,0.005673774,0.011305537,0.007509457,0.006466127,0.018149443,-0.005970092
2023/6/8,-0.017778438,0.008075323,-0.016312334,0.00202755,0.001793784,-0.002233067,-0.007662873,-0.005749179,-0.012002326,,0.002655485,0.002726596,-0.003750053,,,-0.004072106,-0.003518333,,,-0.008230499,0,,0.030562887,,,0,0.00280497,,-0.006780029,0.001762221,-0.014184755,-0.00425231,-0.013208632,-0.012547656,-0.007549018,-0.014492942,0.002989501
2023/6/9,0,0.009340911,0.00655725,0.022068894,0,-0.00448577,0,0.002875692,-0.016602484,,0.010557601,0.002724923,-0.003768114,,,0.004072106,0.003518333,,,0.008230499,0.004399014,,-0.020268783,,,0.003220253,-0.00280497,,0.003392158,-0.001762221,0.007117528,0.00707717,0.005679513,0.005038198,0.001082891,0.02522625,0.005952324
2023/6/12,-0.012408787,0,0,-0.016002405,-0.001793784,0.002247705,-0.007722046,0,0.036168326,,-0.002633194,-0.002724923,-0.011382311,,,-0.00203398,0,,,-0.008230499,0,,-0.013751528,,,-0.003220253,0.00280497,,0.006757146,-0.008854188,-0.011890848,-0.002824861,-0.005679513,-0.002515926,0,-0.014337102,-0.002971733
2023/6/13,0.001134877,0.002652488,-0.001634846,0,0,0.006703802,-0.0038835,0,-0.020664139,,0,0.005436715,0.003807192,,,-0.008181858,0,,,0.004123717,0.004379748,,0.023933799,,,-0.00972345,0.005586447,,0.003365094,0.005320402,-0.024213952,0.011251877,0,-0.002522272,0,-0.003616014,0.002971733
2023/6/14,0.01127391,-0.006645853,0.01138993,-0.002015275,-0.001793205,0,0.0038835,0.002873487,-0.006615239,,0.005253869,0.00809721,-0.001901784,,,0.002050673,0.003498782,,,0.004106782,0.017311868,,-0.010182272,,,-0.006535225,0,,0,-0.005320402,0.021818721,0.004187026,0.009460593,0.010050576,0.003237168,0.028573235,-0.005952324
2023/6/15,-0.005621068,-0.002670199,-0.003240551,-0.002023556,-0.005398988,-0.002232671,-0.00778214,0.00285923,-0.006659292,,-0.005253869,0.005363826,0,,,0.004093059,0,,,-0.004106782,0.004285968,,-0.006855657,,,0.006535225,-0.002789323,,-0.00673437,0,-0.01449262,0.004169568,-0.009460593,-0.002503331,0,0.017452562,0
2023/6/16,-0.010197773,-0.016172677,-0.008149379,-0.006091115,-0.003615588,-0.008966975,-0.003913899,-0.014390833,0.006659292,,0,-0.010756578,-0.001905408,,,-0.006143732,-0.014083819,,,0,-0.017246195,,0.003433704,,,-0.003262274,0,,0,-0.00356527,-0.002436075,-0.0210239,0.009460593,-0.010075322,-0.015200293,0.010326871,0.002980591
2023/6/19,0,0.005420006,0.003267024,0.020162455,0.00721815,0.006733908,-0.003929278,0,-0.003324103,,-0.005275954,0.021393093,0.003807192,,,0.002050673,0,,,-0.004123717,0.021505055,,-0.006872151,,,-0.003272951,-0.008414956,,0,0.00356527,0.009708385,0.015460603,-0.005676995,0.015075734,0.016278518,-0.027779434,-0.011976039
2023/6/20,0.010197773,0.012090057,-0.003267024,0,0,-0.00448577,0,0.002898438,0,,0.005275954,-0.00264714,0,,,-0.006164678,0.007066703,,,-0.004140793,0.004249579,,0.003438447,,,-0.003283699,0.008032172,,0,0,-0.009708385,0.002785517,0.015048924,-0.007509457,-0.016278518,-0.014184567,-0.006042237
2023/6/21,0.001127204,0.007978666,0.004896542,0.001995309,0.00358963,0.00448577,0,-0.002898438,0,,0.007867693,-0.005321029,0.003796712,,,0.004114005,0,,,-0.00415801,0,,0,,,0.019542374,0.014184635,,0.00673437,0.003548815,-0.01722074,-0.008379937,0.003713141,-0.007566276,0,0,0.012048185
2023/6/26,-0.007914923,0,-0.009818946,-0.005993742,-0.005389289,-0.00448577,-0.00790518,0.005782423,0.002217296,,0,-0.008032172,-0.001898538,,,-0.002054887,-0.007066703,,,0,0.012632775,,-0.010358152,,,-0.003230656,-0.005649733,,0.0033467,-0.005329861,0.002478337,-0.002808991,0.027517257,-0.017880705,-0.005484833,0.010657045,-0.021180551
2023/6/27,0.002268467,-0.005312031,-0.003295707,-0.008049352,-0.001802903,-0.002248138,-0.00796817,-0.005782423,-0.00332779,,-0.002613825,-0.005392752,-0.005705366,,,-0.004122485,0,,,0,-0.00419612,,-0.017515322,,,0.01286047,-0.017143277,,-0.0033467,0.001781046,-0.004962831,-0.005641764,-0.009100734,0.002574211,0,-0.00354001,0.003053398
2023/6/28,0.009206049,0.010595994,0.013114653,0.010048487,-0.00180616,-0.002253203,0.003992021,0.002898438,0,,-0.002620675,0,-0.003825747,,,-0.004143908,0.007066703,,,0,0,,0.007041544,,,-0.01286047,0.0028777,,0.0033467,0.00177788,0.009901154,0.001413428,0.005470373,0.020356845,0,0.014084678,-0.003053398
2023/6/29,-0.005743841,0.015686403,-0.001629518,-0.004006451,0.00180616,0,0,0.002883986,-0.00445435,,-0.002633194,0.005392752,-0.005764191,,,0,0,,,0.00415801,0.00419612,,0,,,0,0.005730675,,0,-0.003558926,0.004914055,0.004228336,-0.012792649,-0.002522272,0.004388903,0.00696903,0.003053398
2023/6/30,-0.005777024,-0.009119105,-0.008189428,-0.002011354,-0.00180616,0.002253203,-0.012024193,0,-0.00671895,,-0.005275954,0.002682677,0.003847821,,,-0.008620932,0.003518333,,,0,-0.00419612,,0,,,0.006450909,-0.005730675,,0.016588501,0,0,0,0.001840198,0.002522272,-0.005490864,0.034132471,0.003044103
2023/7/3,0.003470217,0.002614345,0.008189428,0.010012412,0.00180616,-0.004516147,0,0.005749179,0.003365118,,0.005275954,0.005349494,0.005742117,,,0.004319756,0.003498782,,,0.004140793,0,,0.017393483,,,0.009599001,0.011428696,,0.016310928,0.007101448,0.0073261,0.001405482,0.001836818,0.022416988,0.010954011,0.003350261,0.009077102
2023/7/4,-0.005790404,0.005208274,-0.006546521,-0.010012412,0.003602562,-0.002263414,-0.016260521,0.014221049,-0.01126138,,-0.005275954,-0.005349494,-0.005742117,,,-0.006484449,0,,,-0.012474174,-0.004205059,,-0.003457423,,,-0.009599001,0.002836881,,0,-0.001771587,0.021661171,-0.001405482,-0.009199493,0.01709415,0.005431208,0.013289175,-0.003016555
2023/7/5,0.003478264,-0.006515958,0.001640212,0.00401867,0,-0.002268548,-0.004106782,-0.002826882,0.00339175,,0,-0.002682677,0.003829074,,,0.004329097,0,,,-0.004192878,-0.004231596,,0,,,-0.003220253,-0.008534902,,0.003234615,-0.003548815,0,0.019499225,-0.011156028,0.016807383,-0.002169397,-0.003305215,-0.006060547
2023/7/6,-0.016336419,-0.021136588,-0.01154195,-0.018204082,-0.014492646,-0.01835035,-0.016597891,-0.017143346,-0.01135086,,-0.021392445,-0.013533925,-0.013474505,,,-0.019632483,-0.014083819,,,-0.004210533,-0.003518034,,-0.017447016,,,-0.016258675,-0.008608375,,-0.019545543,-0.014337987,-0.028987272,-0.002762433,-0.009389564,-0.024097853,-0.01939593,-0.00998396,-0.01223241
2023/7/7,-0.005899722,-0.004014734,-0.004986089,0.004075966,-0.007323909,-0.009300613,-0.004192878,-0.011592331,-0.01611082,,-0.013602799,-0.002726596,-0.00973528,,,-0.002202881,-0.003548495,,,-0.004228336,0.008771986,,0.013984734,,,-0.009883622,0.056037068,,0,-0.00180679,-0.014815209,-0.001384083,-0.005668745,-0.002441648,-0.001152738,-0.006711027,-0.003081626
2023/7/10,0.00942292,-0.012136153,0.00332682,-0.004075966,0.003668659,0,0.024897552,0.011592331,0.010386706,,0.005463344,0.002726596,-0.00392327,,,0.015332464,0.007091735,,,-0.004246291,0.008695707,,-0.006967921,,,-0.009989151,-0.010959014,,0.003280751,0.007207655,0.002484494,-0.002773927,0.007557498,0.012150694,0,0.006711027,0.012269933
2023/7/11,0.022029876,0.021477064,0.019737047,0.018204082,0.018147895,0.018515522,0.008163311,0.008608409,0.023824156,,0.026883448,0.010844032,0.01365855,,,0.012959429,0.003523463,,,0.008474627,0.004319661,,0.020759776,,,0.003345379,0.013680104,,0.013030177,0.007156076,0.014778717,0.002773927,0.027856332,0.009615686,0.003454235,0.016584242,0
2023/7/12,0.009132484,0.014503749,0.009725205,0.007980941,0.00358963,0.002294049,0,0.00570004,0.002239643,,0,0,0.00579761,,,0.006419438,-0.010615198,,,-0.004228336,-0.004319661,,-0.006872151,,,0.003327404,-0.010929071,,0.003234615,0.003558926,-0.00982817,-0.001386002,-0.01661678,0.007151435,0.005730675,0.029175541,-0.009188307
2023/7/13,-0.009132484,-0.002621198,-0.00485078,-0.009988258,0,0,-0.012270093,0,-0.002239643,,0,-0.005407317,0.001923751,,,-0.006419438,-0.003568502,,,0.004228336,0,,0.009873141,,,0.016472942,0.002743486,,-0.003234615,-0.003558926,0.004926159,0.001386002,-0.005613367,0.009456025,0.004561011,0.024220794,0
2023/7/14,0.011402632,0.020779686,0.012882341,0.019881831,0.008921866,0.009109941,0.012270093,0.008486631,0.012256421,,0.010557601,0.010779888,0.01147338,,,0.01913172,0.007116997,,,0.004210533,0.004319661,,0.027683429,,,0.009755068,0.034996842,,0.006451967,0.008869902,0.040920105,0.001384083,-0.005626185,0.011695922,0.010186845,0.034486176,0.018292957
2023/7/17,0.020202707,0,0.03922111,0.029098685,0.003545078,0.006779561,0.016129382,0.011202664,0.019737483,,0.007841509,0,0.0056877,,,0.008385954,0.007066703,,,-0.004210533,0.004301082,,0.026937656,,,0,0.020943174,,0.012780378,0.005286674,0.014051871,0.005517255,-0.001888753,0.01614824,0.006734032,0.016807118,0.003016555
2023/7/18,0.001110494,0.010230132,0.009189041,0.003815306,0.001771579,-0.002253203,-0.012072581,0.005557538,-0.009820046,,0.010360603,0.008010739,0,,,0.006241529,0.007017115,,,-0.008474627,-0.008620743,,-0.013378126,,,-0.00332779,-0.00780238,,0.022022912,0,-0.018780052,0,-0.001892327,-0.006888694,0.007799482,-0.01342302,-0.009077102
2023/7/19,-0.012283795,-0.011517633,-0.012269809,-0.007645224,-0.005316657,-0.002262944,-0.004056801,-0.002777836,-0.002195391,,-0.007760372,-0.00532959,0,,,0,-0.003498782,,,-0.004264399,-0.004338402,,0.006711435,,,-0.006688988,-0.005235614,,-0.009950331,-0.003521342,0.004728181,-0.002754823,-0.021016737,-0.006936478,-0.016788307,-0.034367644,-0.015314037
2023/7/20,0.005602256,0.012787744,0.003153532,0.005741376,0.005316657,0.006764285,0.00809721,0.005542154,0.008752791,,0.005180267,0.002668346,0.005655533,,,0.014420753,0,,,0.004264399,0.008658063,,0.013289232,,,-0.006734032,0.018205964,,-0.003338901,0.005277374,-0.026286087,0.004129393,0.003861232,0.013825172,0.002254792,0,0.003081626
2023/7/21,-0.007851975,0,-0.007905888,0.009494999,-0.003542547,-0.006764285,-0.00809721,0,-0.004366819,,-0.005180267,-0.008032172,-0.005655533,,,-0.002049202,0,,,0,0.004301082,,-0.009950331,,,-0.010186845,-0.00516797,,-0.003350087,-0.008811161,-0.012180009,-0.002751033,-0.001928753,-0.011507488,-0.011325149,-0.007017573,0
2023/7/24,-0.00451468,-0.008932882,-0.006369017,-0.013321575,-0.0053318,-0.009089251,-0.004073325,-0.005542154,-0.002190581,,-0.005207242,-0.002689893,-0.007589484,,,-0.012371551,-0.010585037,,,-0.004264399,-0.008620743,,0.006644543,,,-0.013745921,-0.013037994,,-0.006734032,-0.001771587,0.004890026,-0.009688657,-0.00193248,-0.016336674,-0.009153382,0.007017573,-0.006172779
2023/7/25,0.007887365,0.00383739,0.004780979,0.009535176,0.010639057,0.009089251,0,0.002777836,0.006557401,,0.007800729,0.005372571,0.011364704,,,0.006207,0.00354324,,,0.00851069,0.008620743,,0.029365895,,,-0.006944472,0.020779968,,0.006734032,0.007067594,0.012120952,-0.004181191,0.003861232,0.033512123,0.008013781,0.013889112,0.009244938
2023/7/26,0.017798023,0.012690374,0.025119001,0.005676197,0.012270229,0.004516147,0.016194686,0.019203107,0.021552558,,0.020313627,0.008010739,0.014952191,,,0.012295467,0.010540578,,,0.012631747,0.008547061,,0.019108862,,,0,0.017834868,,0.010016778,0.019182202,-0.019464987,0.005571045,0.009569268,0.010230268,0.012464751,0.020478531,0.011605546
2023/7/27,0.01423122,0.011286556,0.015384683,0.003765007,0,0.004495843,0.019881371,0.005421987,0.036634133,,-0.00272109,0.002659785,0.008497541,,,0.006089447,0.013888216,,,0.004175371,0,,0.006289329,,,0.017271587,0,,0,0.010309975,0.004902011,0.001387925,0.020739246,-0.010230268,0.00224972,-0.020478531,0.012739026
2023/7/28,-0.005449605,-0.001248949,-0.001527379,-0.009441204,0.003477252,-0.004495843,-0.00790518,0.002697168,-0.015536304,,-0.002728515,-0.002659785,-0.001924928,,,-0.012220364,-0.003450443,,,0,0.01268516,,0,,,-0.006872879,0.010050336,,-0.00332779,0,0.002442024,0.001386002,-0.013153009,-0.005154651,-0.005633818,-0.006920443,0
2023/7/31,0,0.004981272,0.001527379,-0.003804752,0.008644242,0.002248138,-0.003976148,0.005378261,0.005205634,,-0.00273598,0.002659785,-0.003861009,,,0,-0.003469555,,,0,-0.004210533,,0,,,0.006872879,0.017348638,,-0.006688988,0.005115399,0.014527713,-0.002773927,-0.007586237,-0.020888488,-0.004530019,-0.013986242,-0.015949301
2023/8/1,0.032260862,0.008659249,0.015151576,0,0.006859096,0.013392832,0.00793655,0.008010739,0.020555708,,0.005464494,0.00264714,0.003861009,,,0.020285089,0.010365668,,,0.01242252,0.004210533,,-0.00313972,,,0.003418807,0.004901971,,0.006688988,0.003395786,0.024293199,0.00415801,0.009478564,0.013106348,0.010163837,0.013986242,0.009600074
2023/8/2,-0.022472856,-0.024938623,-0.021276753,-0.003815306,-0.012038135,-0.017894173,-0.019960743,-0.013389,-0.019517826,,-0.00820798,-0.013317664,-0.011628038,,,-0.018235887,-0.020832668,,,-0.01242252,-0.02123222,,-0.035203635,,,-0.013745921,-0.017263067,,-0.010050336,-0.017095432,-0.007434978,-0.005547864,-0.01138893,-0.005221944,-0.01471447,-0.003478264,-0.012820688
2023/8/4,0.002162163,0,-0.004619035,-0.02171376,-0.005202318,0.004501341,0.008032172,0.008053765,0.005173317,,0,0,-0.003906255,,,-0.004098443,0.003498782,,,-0.004175371,-0.004301082,,0.01615544,,,0.003454235,0.026995504,,0,0.005159386,-0.035446749,0.020647671,-0.001914023,-0.018494583,0.002277905,-0.061060257,0.003220615
2023/8/7,0.003234504,0.008798131,0.010744213,0,0.006930426,0,0,0.005335235,0.00411947,,0.005479466,0.008010739,0.00779731,,,0.014269605,0.003493774,,,0.008333382,0.004301082,,-0.009661911,,,0.006872879,-0.009732437,,0.003361348,0.010239595,-0.034079314,-0.004095569,-0.001898498,-0.01342302,0.009060085,-0.011173301,-0.003220615
2023/8/8,0.012834401,-0.006276094,-0.004590765,0,-0.003459209,-0.006764285,-0.008032172,-0.005335235,-0.003088011,,-0.008230499,-0.008010739,-0.005842276,,,0.01606493,-0.014034353,,,-0.008333382,0,,-0.003241494,,,-0.020761991,0,,-0.006734032,-0.003401562,-0.01342302,0.004095569,-0.001921341,-0.002706362,-0.005652926,0.014870162,-0.00972455
2023/8/9,-0.012834401,0.006276094,0.00153367,0.00809721,0.010345568,0.00901199,0.008032172,0.006181531,0.001030397,,0.008230499,0.005349494,0.011650617,,,0.001988072,0.003523463,,,0.004175371,0,,-0.006514681,,,0.003490405,-0.004901971,,0.003372684,0.013738466,0.008075414,-0.005464494,-0.00192504,-0.002713706,0.002265007,-0.026169718,0.012945165
2023/8/10,0.003224076,-0.007843383,0.001529716,0.00402415,0.003423667,0,0,0.005586607,0.010245991,,-0.005479466,0.002812941,-0.001932368,,,0.005948637,0.003518333,,,-0.004175371,0.012793351,,-0.019802627,,,-0.003490405,-0.014851758,,0,-0.001796946,0.002677378,0.001368926,-0.001928753,-0.008185585,-0.00795007,0.003780723,-0.01620781
2023/8/11,-0.003224076,-0.011880309,0,0,-0.015323175,0,-0.008032172,0.002781643,-0.017481165,,0.00820798,-0.014144507,-0.005819609,,,-0.006845205,-0.003518333,,,0,-0.004246291,,0.009950331,,,0,0,,0.003361348,-0.007220248,-0.005361943,0,0.005775133,-0.002743486,-0.002283106,0.011257155,-0.006557401
2023/8/14,-0.02286436,-0.016065013,-0.023203349,-0.024391453,-0.012951152,-0.006749047,-0.020367303,-0.028170877,-0.03375848,,-0.013717636,-0.014347448,-0.013712262,,,-0.018349139,-0.017757586,,,-0.016878038,-0.021506205,,-0.023373351,,,-0.010544913,-0.030382084,,-0.013513719,-0.018282045,-0.069569074,-0.008241805,-0.021301341,-0.033522692,-0.014968616,-0.011257155,-0.023295563
2023/8/15,0,-0.012219056,-0.006279028,-0.016597891,-0.013121088,-0.011352195,-0.00826451,-0.014388737,-0.003224076,,-0.011111225,-0.005797118,-0.013902905,,,-0.004123717,-0.010813891,,,0.004246291,0,,0.006734032,,,-0.007092228,0.005128216,,-0.003407158,-0.007407441,-0.020379162,0.005502077,0.001958903,-0.011428696,-0.003486349,-0.019048195,0.003361348
2023/8/16,-0.006629859,-0.022102769,-0.015873098,-0.021142437,-0.015209419,-0.013793061,-0.01252626,-0.01166194,0.002150538,,-0.014064929,-0.00583092,-0.018163971,,,-0.014568416,-0.021977411,,,-0.00851069,-0.004357305,,-0.016920877,,,0.003552402,-0.020672571,,-0.010291686,-0.013096539,0.023256862,-0.005502077,-0.007858741,-0.008658063,-0.014068227,0,-0.013513719
2023/8/17,0.004424786,-0.004197452,0,-0.00643089,0,-0.007644567,0,-0.00588237,-0.005385043,,-0.002836881,-0.00292826,-0.002038737,,,-0.004201687,0.0110453,,,-0.004282662,-0.008771986,,0,,,-0.010695289,0.002607563,,0.003442344,-0.007561473,0.042200354,0.00137836,0.001970483,0.025752496,-0.008298803,0.007662873,-0.013698844
2023/8/18,-0.002209946,0.001402047,-0.001600751,0.004291852,0.003824096,-0.002400962,0,0.00881063,0.013941245,,0.002836881,0.00584797,0.004073325,,,0.008385793,0,,,0.004282662,0.004395611,,0,,,-0.007194276,-0.015748357,,0,0.007561473,-0.008298803,0.001376463,0.003929355,-0.017094433,0.011834458,-0.019268419,0.013698844
2023/8/21,0.004415018,-0.002806062,0.011155145,0.021187233,0.001906578,0.004796172,0,0.00873368,-0.00426895,,0.008462674,0.00581397,0.01011131,,,-0.002089865,0.007298835,,,0,0.013072082,,0.010186845,,,0.007194276,0.005277057,,0.006849342,0.003759403,-0.005571045,0.001374571,-0.005899838,-0.005763705,0.003523198,-0.011741818,0.003395589
2023/8/22,-0.008849615,-0.008462898,-0.004765786,-0.012658397,0,0,-0.008438869,-0.00290276,-0.002141328,,0,0,-0.008080852,,,-0.002094242,0.003633276,,,0.004264399,0,,-0.006779687,,,-0.003590668,-0.002635048,,0,0.005612737,-0.008415197,0.005479466,-0.00195461,0.002886005,-0.010607053,0.007843177,-0.003395589
2023/8/23,-0.006688988,0,0,0.006349228,0.00190295,-0.004796172,0,0,-0.002145924,,-0.002812941,0,-0.004065046,,,0.014568416,-0.003633276,,,0,0,,0.013513719,,,0,0.007884404,,-0.003418807,-0.007490672,-0.01991531,0,0.00195461,0,-0.00237248,-0.007843177,-0.006825965
2023/8/24,-0.001119194,0.015460544,0.007929299,0.006309169,0.005687219,-0.004819286,-0.004246291,0.00290276,0.001073537,,0.002812941,0.005780363,-0.006128722,,,0.010277583,0.003633276,,,0,0,,0,,,-0.003603608,0.005221944,,0.003418807,0.00375235,0.017094433,-0.001367054,-0.00393285,0.019972133,0.016490362,0,0
2023/8/25,-0.003365118,-0.00559363,-0.007929299,-0.014783796,-0.007590169,-0.004842624,-0.004264399,-0.00873368,0.003213715,,-0.002812941,0,-0.002051283,,,-0.002047084,0,,,-0.004264399,-0.004338402,,-0.003361348,,,0.010772097,0.005194817,,-0.003418807,-0.011299555,0.005633818,0.004095569,0.00393285,-0.005665738,-0.00938974,-0.00790518,-0.010327114
2023/8/28,0.020022916,0.015309902,0.020489129,0.01268516,0.011363759,0.009661911,0.016949558,0.014514043,0.008519753,,0.002812941,0.008608375,0.006141268,,,0,0.003620123,,,0,0.008658063,,-0.006756782,,,-0.003577821,0.007741974,,0.006825965,0.003780723,0.019472103,0.005434796,0.001970483,0.002836881,0.014051753,-0.016000341,-0.003466208
2023/8/29,0.014215658,0.010990319,0.004669358,0.00836825,0.005633818,-0.004819286,0.004192878,-0.002886005,0.010548621,,0.008391658,0,0.004073325,,,0.010193768,0.003599641,,,0.016949558,0,,0.003384098,,,0.017762456,0,,0.006779687,-0.001888575,-0.016667052,0.004056801,0.009775096,0.011267725,0.00464038,0.019960743,0.003466208
2023/8/30,0.001085187,-0.004108261,0.001551078,-0.004175371,0,0.007220248,0.004175371,0.008633147,0.002096437,,0.00555557,0,0.00809721,,,0.006066753,0,,,-0.004210533,0.004301082,,0.010084119,,,-0.007067167,0.017834868,,0,0.007532992,-0.008438869,0.002695419,0.001947496,-0.002805051,-0.009302393,0.003944778,-0.003466208
2023/8/31,-0.010905233,-0.015204098,-0.01405203,-0.002094242,-0.015094626,-0.016929062,-0.012578782,-0.020261185,-0.008412247,,-0.013947227,-0.011494379,-0.014213437,,,-0.016260521,-0.008948606,,,0.004210533,-0.008620743,,-0.010084119,,,-0.003552402,-0.012706651,,-0.003384098,-0.015123162,0.002820876,-0.00675222,0.021137715,0,-0.004683849,0.011741818,0.003466208
2023/9/1,0.021692825,0.002782645,0.0186925,-0.002098637,0.005687219,0.00486619,0.008403411,0.00873368,0.010504298,,0.005602256,0.002886005,0.004081638,,,0.014242357,0.007462721,,,-0.008438869,0.004319661,,0.003372684,,,0,0.005102052,,0.006756782,0.003802286,0.005617992,0,-0.021137715,0.005602256,0.016298382,0,-0.010434877
2023/9/4,0.001072386,0.005539394,0.007909007,0.006282743,0.005655057,0.004842624,0.008333382,0.008658063,0.003129893,,0.005571045,0.005747142,0.002034589,,,-0.010152371,0.003710579,,,-0.004246291,0,,0.006711435,,,0.010619569,0.005076153,,0.003361348,0.001895735,0.016667052,0.013459153,-0.003898792,0.022100347,-0.006952519,0.015444322,0.003490405
2023/9/5,-0.004296462,-0.005539394,-0.006451635,0.002085506,0,-0.002418381,-0.00415801,-0.0028777,0,,-0.002781643,-0.002869442,-0.004073325,,,-0.012320484,-0.003710579,,,0.004246291,-0.004319661,,-0.003350087,,,-0.007067167,-0.005076153,,0,-0.003795071,-0.013869848,-0.013459153,0,-0.005479466,-0.007001195,-0.003838776,0
2023/9/6,-0.014092374,-0.012580513,-0.006493529,-0.014690715,-0.007547206,-0.007290433,-0.012578782,-0.011594333,-0.014690715,,-0.005586607,-0.005763705,-0.006141268,,,0.002063984,-0.007462721,,,-0.004246291,0,,-0.006734032,,,0.010582109,-0.012804272,,-0.006734032,-0.007633625,0.002789402,-0.005434796,-0.003894444,-0.002751033,-0.011778699,-0.011605546,-0.003490405
2023/9/7,-0.002185793,0.008403635,-0.003262646,-0.002116403,0.001892148,0,0.004210533,0.00581397,0,,-0.005617992,0,-0.006179216,,,0.018386626,0,,,0,-0.008695707,,-0.006779687,,,-0.017699577,-0.007762005,,-0.003384098,0.001913876,-0.028250466,-0.002728515,0.027024228,-0.013869848,0.009434032,-0.011741818,-0.017637141
2023/9/8,0.013043663,0.006949019,0.009756175,0.018888285,0.003773589,0.002436055,0.004192878,0.005780363,0.010515344,,0,0.005763705,0,,,-0.002026343,0,,,0.004246291,0.008695707,,0.006779687,,,0,0.005181359,,0.003384098,-0.001913876,-0.011527505,0,0.001906724,-0.002797205,0.001173021,0.003929278,0.007092228
2023/9/11,0.005385043,0.002767253,0.001616815,0.008281621,0.001881468,0.009685306,0,0.005747142,-0.019007964,,0,0,-0.002068253,,,0.002026343,0,,,-0.00851069,0.021414095,,-0.003384098,,,0.003565066,-0.013004084,,0,0.001913876,0.014388737,-0.001367054,-0.00381709,-0.014104606,-0.002347419,0.00781254,-0.014235116
2023/9/12,0.002145924,0.009622773,0.003225809,0.004115232,0.005623258,0.007202912,0,0.002861232,0.006376217,,0.005617992,0.005730675,0.004132237,,,0.00404041,0.003738322,,,0.012739026,0,,0.006756782,,,0.003552402,0,,0.003372684,0.003816799,0.005698021,0.004095569,-0.011520134,0.008486614,0.005858248,0.019268419,0.007142888
2023/9/13,0.002141328,0.001367546,0.004819286,0.014271394,0,0,0,0,0,,-0.002805051,-0.002861232,0.002059733,,,0.008032172,0.003724399,,,-0.008474627,0,,-0.003372684,,,-0.003552402,-0.005249356,,0.003361348,0,0.005665738,0.001361471,-0.003856781,0.011204599,-0.003510829,0.037457563,-0.014337163
2023/9/14,0.00320342,0.024290607,0.007980888,0.012072581,0.012999255,0.014252023,0.008333382,0.011363759,0.005282632,,0.019472103,0.005714301,0.020367303,,,0.00796817,0.011090687,,,0,0.004228336,,0.026668247,,,0.010619569,0.015666117,,0,0.011363759,0.016807118,0.009478744,0.00193994,0.016574965,0.024320828,-0.007380107,0
2023/9/15,-0.005344748,0.001332927,-0.006379607,-0.006018072,-0.007407441,-0.009478744,0,-0.002828856,0.003156236,,0.008230499,-0.002853069,-0.016260521,,,0.005934736,0,,,0.008474627,-0.004228336,,-0.009917437,,,-0.014184635,-0.002594035,,0.003350087,-0.005665738,0.013793322,0.002691792,-0.007782443,-0.002743486,-0.00114482,-0.01492565,-0.021898685
2023/9/18,-0.005373468,0.00795781,0.004788517,0.00401607,0.003710579,-0.002383791,-0.00415801,-0.005681833,0,,-0.005479466,0,0.002047084,,,0.001970444,-0.003683245,,,0,0,,0,,,0.003565066,-0.005208345,,-0.003350087,-0.001895735,0.00273598,0.00402415,0.001951296,-0.005509656,-0.006896579,0.00375235,-0.014870162
2023/9/19,-0.001078167,-0.001322355,-0.003189795,0,0.003696862,-0.004784698,-0.004175371,0.002844952,0,,-0.005509656,-0.002861232,0,,,0.013685453,-0.003696862,,,-0.004228336,0,,0.003316753,,,-0.003565066,0,,-0.003361348,-0.005708864,0.005449605,-0.00536914,0.0154556,0.005509656,0.001152738,0.014870162,-0.00375235
2023/9/20,-0.014122994,0.001322355,-0.008019289,-0.00401607,-0.003696862,0.002395211,-0.008403411,0,-0.011621895,,-0.00554018,0,-0.004098366,,,-0.013685453,-0.003710579,,,-0.004246291,-0.00851069,,-0.006644543,,,-0.010772097,-0.005235614,,0.003361348,-0.003824096,-0.021978907,0.004029555,-0.007707613,-0.008275909,0.003450262,-0.029964789,0.007490672
2023/9/21,-0.017660503,-0.011959247,-0.011336154,-0.020325903,-0.016807118,-0.014458083,-0.008474627,-0.020086759,-0.013911407,,-0.011173301,-0.011527505,-0.012396853,,,-0.015873349,-0.014981554,,,0,-0.012903405,,-0.016807118,,,-0.00361664,-0.010554188,,-0.01011813,-0.017391743,-0.025317808,-0.001341382,-0.007747988,-0.013947227,-0.020882429,-0.007633625,-0.003738322
2023/9/22,-0.004464293,0.010636892,-0.006535971,-0.004115232,0.003759403,0.004842624,-0.004264399,0.002894358,-0.003237995,,-0.002812941,0,0.002076844,,,0.003992021,-0.003780723,,,-0.004264399,-0.004338402,,-0.006802747,,,0.010810916,-0.002656044,,0,0.00194742,0.011331566,-0.009440394,-0.001951296,0.008391658,0.008172842,0.011428696,0.011173301
2023/9/25,0.003350087,0.005278959,0.004905979,0.014329826,0.009337136,0.002412546,0.012739026,0.008633147,0.002159828,,0.005617992,0.008658063,0.00826451,,,0.003976148,0.011299555,,,0.004264399,0.004338402,,0.006802747,,,0.003577821,0.005305052,,0.003384098,0.005819609,0.022285045,0.010781776,-0.001935541,0.011080446,-0.001163467,-0.003795071,-0.007434978
2023/9/26,-0.008958627,-0.003956604,-0.01148495,-0.002034589,-0.013096539,-0.009685306,-0.004228336,-0.005747142,-0.007579896,,-0.002805051,-0.008658063,-0.00619197,,,-0.00796817,-0.011299555,,,-0.012848142,0.008620743,,-0.010221554,,,-0.021661497,-0.005305052,,-0.006779687,-0.011673284,-0.008298803,0.002677378,-0.003921651,-0.008298803,-0.008182395,-0.019194447,-0.003738322
2023/9/27,0.003368897,-0.003969657,0,-0.006128722,-0.001885015,-0.002436055,-0.004246291,0.0028777,-0.003266198,,0.005602256,0,0,,,0.005982072,-0.003795071,,,0,-0.004301082,,0,,,0,-0.002663117,,0,-0.001958864,0.021978907,-0.002677378,0,0.00554018,0.005851392,0.011560822,0.003738322
2023/9/28,-0.001121705,0,0.001648805,0.004089985,0.001885015,0,0.004246291,0,0.010846093,,0,0,0.004132237,,,-0.003984069,0.003795071,,,0.004301082,0.004301082,,0,,,0,0,,-0.003407158,0.003913899,-0.016438726,-0.005376357,0.003921651,0.013717636,0.009291588,0.011428696,-0.007490672
2023/10/2,-0.001122965,-0.002657001,0.001646091,0,0,0.002436055,-0.004246291,-0.0028777,-0.008667443,,-0.002797205,0.002894358,-0.004132237,,,-0.004000005,0.007547206,,,0,-0.008620743,,0.003418807,,,0.0108894,0.002663117,,0.006802747,0.00195122,0,0.002691792,0,-0.005464494,-0.005797118,0,-0.003766483
2023/10/3,-0.011299555,0.001329383,-0.004946424,-0.012320484,-0.005665738,-0.004878058,-0.004264399,-0.002886005,-0.013143672,,-0.002805051,-0.005797118,-0.00207254,,,-0.012096922,-0.011342277,,,0.004282662,-0.004338402,,-0.006849342,,,0.003603608,-0.002663117,,0.003384098,-0.005865119,-0.011111225,-0.002691792,-0.003921651,-0.008253142,-0.003494471,-0.015267472,0.003766483
2023/10/4,-0.010279931,-0.021476977,-0.013311345,-0.020877585,-0.015267472,-0.012300278,-0.012903405,-0.008708328,-0.014436675,,-0.011299555,-0.00875918,-0.01252626,,,-0.016360283,-0.011472401,,,-0.004282662,-0.00873368,,-0.024349029,,,-0.018149319,-0.027028672,,-0.006779687,-0.015810606,-0.011236073,0.005376357,-0.007869941,-0.008321823,-0.009378732,-0.019418086,-0.015151805
2023/10/5,0.011415649,0.017483515,0.013311345,0.016736792,0.007662873,0.004938282,0,0.011594333,0.006688988,,0.002836881,0.00292826,0.00836825,,,0.012295237,0.003838776,,,0,0.013072082,,0.013986242,,,0.003656311,0.01089929,,0,0.00793655,0.002820876,-0.001341382,0.00393285,0.002781643,-0.001178551,0.019418086,0.018904155
2023/10/6,0.011286802,0,0.003300333,0.006204777,0.013270337,0.012240055,0.004319661,0.019972133,0.00554018,,0.005649733,0.011628038,0.008298803,,,0.010131799,0.015209419,,,0.004282662,0.004319661,,0.003466208,,,0,0,,0.003395589,0.013739176,0.002812941,0.002680967,0,0.00554018,0.023311079,0.007662873,0.007462721
2023/10/11,0.030941695,0.026318874,0.014718172,0.026451186,0.011236073,0.021661497,0.02972618,0.03060044,0.012081421,,0.002812941,0.011494379,0.01639381,,,0.027834799,0.011257155,,,0.012739026,0.017094433,,0.010327114,,,0.021661497,-0.013642776,,0.013468217,0.017391743,0.030431117,0.011976191,-0.00195461,0.008253142,0.021653268,0.003809528,0.003710579
2023/10/12,0.004343112,0.011619533,0.00162206,0.011976191,0.005571045,0.009478744,0.008333382,0.01089929,0.004357305,,0.011173301,0,0.006079046,,,0.005865119,0.003724399,,,0.004210533,0,,0,,,0.010657294,-0.002751033,,0.003338901,0.003824096,0,-0.003976148,0.00195461,0.013605652,0.001126761,0.007575794,0
2023/10/13,-0.018589928,-0.011619533,-0.013050756,-0.001986098,-0.011173301,-0.011862535,0,0.002706362,-0.00873368,,-0.005571045,0,-0.004048589,,,-0.007827829,-0.007462721,,,-0.004210533,-0.004246291,,0,,,-0.014235116,-0.005524876,,-0.003338901,-0.009587801,-0.002728515,0.009253205,0,0.005390849,-0.020478531,-0.007575794,0
2023/10/16,0.004405293,0.0077622,0.001640689,0.007920833,0.001870908,0.002383791,0,-0.005420067,-0.00549754,,0,0.005698021,0.002026343,,,0.003921574,-0.00375235,,,-0.004228336,0.004246291,,-0.010327114,,,-0.010810916,-0.011142177,,0,0.007677581,-0.00273598,0,-0.00393285,-0.00809721,0.012564414,-0.003809528,0.003696862
2023/10/17,-0.005509656,-0.001289955,0.004905979,-0.007920833,-0.003745323,-0.002383791,-0.008333382,0.010810916,-0.007747687,,-0.002797205,-0.008559253,0,,,-0.009832921,-0.007547206,,,-0.004246291,-0.004246291,,0,,,0.032088315,-0.005617992,,-0.003350087,-0.003831422,-0.008253142,0.003939598,-0.00595831,-0.005434796,-0.012564414,-0.007662873,-0.018622512
2023/10/18,0.007705046,0.002578248,0.001629992,0,0.001874415,-0.00718566,0,-0.005390849,-0.001111729,,0.002797205,0.002861232,-0.008130126,,,0.009832921,0,,,-0.004264399,-0.008547061,,0.023932766,,,-0.010582109,0.016760169,,0,-0.00192123,-0.011111225,0.014313842,0.00989116,-0.005464494,0.004587164,-0.007722046,0
2023/10/19,-0.01102547,-0.012955615,-0.006535971,-0.012000144,-0.011299555,-0.00240674,-0.008403411,-0.005420067,-0.002227172,,-0.005602256,-0.005730675,-0.012320484,,,-0.017769471,-0.011428696,,,0,0,,-0.010186845,,,0.003539827,0.005524876,,0,-0.013552966,0,-0.010389704,-0.00393285,0,-0.006888661,-0.01169604,0.00375235
2023/10/20,-0.008908745,-0.022413752,-0.004930166,-0.008080852,-0.007604599,-0.012121361,-0.012739026,-0.010929071,-0.019133955,,-0.002812941,-0.005763705,-0.008298803,,,-0.014042357,-0.003838776,,,-0.008583744,-0.004301082,,-0.010291686,,,-0.007092228,-0.011080446,,-0.003361348,-0.005865119,-0.028330507,-0.009180392,-0.003968259,-0.011019395,-0.009259325,-0.003929278,-0.015094626
2023/10/23,-0.013513719,-0.010722447,-0.013267193,-0.012245051,-0.007662873,0,-0.012903405,-0.002751033,0,,-0.008486614,-0.008708328,0.002081166,,,-0.014242357,-0.007722046,,,0,-0.008658063,,-0.010398707,,,-0.007142888,-0.008391658,,-0.003372684,-0.007874056,-0.011560822,-0.006609409,0,-0.002773927,-0.008172842,-0.011881328,0
2023/10/24,0.001133145,0.004033729,0,0.004098366,0,-0.004889985,0,0,0.007923075,,0,0.00291121,-0.004166673,,,0.002047084,-0.00778214,,,0.008583744,0.008658063,,0.006944472,,,0.007142888,0,,-0.003384098,-0.00197824,-0.00583092,0.001325381,0.003968259,0,0.007009374,0,0
2023/10/25,0,-0.010794797,0.001668057,0.008146685,-0.001924928,0,-0.004338402,-0.005524876,0.001126761,,0,0,0,,,0.006116227,0.00389864,,,-0.008583744,0.004301082,,0.010327114,,,0.007092228,0.005602256,,0,0,0.014514043,-0.003981425,0.005903333,0.002773927,0.001163467,0.011881328,0.003795071
2023/10/26,-0.006818208,-0.012288533,-0.006688988,-0.012245051,-0.003861009,-0.007380107,-0.01754431,-0.011142177,-0.011325149,,-0.011428696,-0.00875918,-0.006282743,,,-0.010214593,-0.011741818,,,-0.004319661,-0.008620743,,-0.017271587,,,-0.007092228,-0.016901811,,0,-0.00595831,-0.011594333,-0.002663117,-0.007885494,-0.011142177,-0.003494471,-0.015873349,-0.007604599
2023/10/27,0.00795007,0.014996817,0.01167653,0.010214593,0.005785937,0.009828089,0,0.005586607,0,,0.002869442,0.01166194,0.00836825,,,0.002051283,0.007843177,,,0,0,,0.006944472,,,-0.003565066,0.014104606,,-0.003395589,0.00793655,0.042802539,0.002663117,0,0.00836825,0.025346979,0.011928571,0.007604599
2023/10/30,-0.005672165,-0.010882922,-0.008326443,-0.010214593,-0.003853569,-0.007361996,-0.008888947,-0.014025475,-0.009153382,,-0.005747142,-0.00581397,-0.006269613,,,-0.012371292,0.00389864,,,-0.004338402,0.004319661,,-0.006944472,,,0.003565066,-0.016949558,,-0.003407158,-0.00793655,-0.008415197,-0.001330672,0.003960401,0.002773927,-0.028853704,-0.003960401,-0.003795071
2023/10/31,-0.001138304,0.004094303,0.005004181,0,0,0,0.008888947,0.008438869,-0.001150086,,-0.005780363,0,0,,,0.00826451,-0.00781254,,,0,-0.008658063,,-0.006993035,,,0,-0.008583744,,0.003407158,0.00199005,-0.011331566,-0.010709607,-0.005946499,-0.008344972,0.004672906,-0.011976191,0.003795071
2023/11/1,0.009070357,-0.00136382,-0.001665279,0,0.009606222,0.004914015,-0.008888947,0.00836825,0.006880761,,0,0.008708328,0,,,0.004106782,0.00781254,,,0.004338402,0.012959145,,0.0104713,,,-0.007142888,0,,0,0.003968259,-0.011461444,0,0.001986098,0.008344972,0.015037877,0.011976191,-0.003795071
2023/11/2,0.012338911,0.030896051,0.014888612,0.014271394,0.007619084,0.009756175,0,0.008298803,0.00796817,,0.017241806,0,0.012500163,,,0.004089985,0.0038835,,,0.012903405,-0.004301082,,0.006920443,,,0.003577821,0.005730675,,0.006779687,0.009852296,0.017143277,0.004029555,0,0.008275909,0.010279931,0.015748357,0.003795071
2023/11/3,0.011086588,0.011836083,0.006546668,0.025975486,0.01319529,0.012062872,0.030771659,0.013680104,0.017978012,,0.005681833,0.005763705,0.008247469,,,0.018200705,0.015384919,,,-0.008583744,0.008583744,,0.010291686,,,0,0.008534902,,0,0.00781254,0.011267725,0.011992149,0.005915011,0,0.013544225,-0.003913899,0.003780723
2023/11/6,0,0.007812734,0.003257332,-0.001974334,0.007462721,0.004784698,0.008620743,0.002713706,0.005552485,,0.011267725,0.002869442,0.008180005,,,-0.002006019,0.007604599,,,0.004301082,0.00851069,,0.010186845,,,0.014184635,0.019635975,,0.006734032,0.005819609,0.01390843,0.006600684,0.001970483,0.021739987,0.001120448,0.003913899,0.018692133
2023/11/7,-0.00331309,0.00129404,0,-0.005946499,-0.001860466,-0.002389487,-0.012959145,-0.005434796,-0.008898835,,-0.002805051,0,-0.002038737,,,0.006006024,-0.003795071,,,-0.008620743,-0.004246291,,0,,,0,0.00554018,,-0.003361348,-0.003875974,0.005509656,0.007863736,-0.005903333,-0.00809721,0.005583487,0.00389864,0
2023/11/8,-0.003324103,0,0.003246756,-0.00199005,0,-0.002395211,-0.004357305,0.00272109,0.002232144,,0.002805051,-0.002869442,0.002038737,,,-0.001998003,-0.003809528,,,0.004319661,0,,0,,,-0.003527341,-0.008321823,,0,0,-0.016620881,0.01297035,-0.001982161,0.002706362,-0.001114206,0,-0.003710579
2023/11/9,0.002217296,0,0,0.009910884,-0.001863933,-0.004807702,0,0.002713706,-0.001115449,,-0.005617992,0,-0.004081638,,,0,0,,,-0.008658063,0.004246291,,-0.006779687,,,0,-0.002789402,,0.003361348,-0.001943635,-0.005602256,-0.016894489,0,0.005390849,-0.002232144,0,-0.007462721
2023/11/10,-0.004439519,-0.005194085,-0.003246756,0.005899722,0.001863933,0.007202912,0,0,-0.00447428,,-0.002820876,-0.0028777,0.002042902,,,0,-0.007662873,,,-0.004357305,-0.00851069,,-0.006825965,,,0,-0.005602256,,0,0.001943635,-0.025605951,0.006531702,-0.001986098,-0.013532006,0,-0.011741818,-0.00375235
2023/11/13,0.006651909,0.002601719,0.003246756,0.003913899,0.001860466,0.002389487,0.008695707,0.002706362,-0.007878488,,0.005633818,0.0028777,0,,,0,0.003838776,,,-0.004376375,0.004264399,,0.003418807,,,0.003527341,0.002805051,,0,0.001939865,-0.005780363,-0.005221944,0,-0.010959014,0.001116695,-0.00790518,-0.003766483
2023/11/14,0.00441015,0.001298326,0,0.021256839,0.001857011,0.002383791,-0.004338402,0.008075414,0,,0.002805051,0,0,,,0.001998003,-0.003838776,,,0.00873368,0.004246291,,0.006802747,,,0.007017573,0,,0.003350087,0.003868477,0.002894358,0.005221944,0.001986098,0.013680104,0,0.011834458,0.007518832
2023/11/15,0.006578971,0.009036222,0.016077517,0.024552697,0.007393749,0.021202208,0.025752496,0.002677378,0.016807118,,0.00836825,0.008583744,0.004073325,,,0.009930568,0.015267472,,,0.008658063,0.008438869,,0.020134908,,,0,0.027626066,,0.003338901,0.019121041,0.011494379,0.00389864,0.009871748,0.008119124,0.005564845,0.027080959,0.018553408
2023/11/16,-0.002188185,0.0076827,0.003184716,0.001863933,0.012808958,0.00232829,0.012631747,0.010638398,0.007747687,,0.002773927,0.005681833,0.022111454,,,0.005911347,0,,,0,0.004192878,,0,,,0,-0.005464494,,0.00332779,0.003780723,0.008534902,0.001296176,0.001962709,-0.002699057,0.01103764,-0.015384919,0
2023/11/17,0.003280484,0,0.004758137,0,0.001816531,0.00464038,0,-0.002649008,-0.002207506,,-0.002773927,0.002828856,0,,,-0.003937013,0.007547206,,,0.004301082,0.004175371,,0.009917437,,,0.010434877,0.01089929,,0.019737483,-0.001888575,0.005649733,-0.002594035,0.001958864,-0.002706362,0.005473467,0.003868477,0.010969031
2023/11/20,-0.002185793,0,0.004735605,0,-0.003636368,0,-0.004192878,-0.005319161,0.001104362,,0.002773927,0.005633818,0.001986098,,,0,0.007490672,,,-0.004301082,0,,0,,,0.003454235,-0.002713706,,0.003252035,0,0.002812941,-0.001299545,0,-0.002713706,0.003269758,-0.003868477,0.007246409
2023/11/21,0.009798663,0.01644651,0.021807718,0.007421184,0.014466798,0.011507607,0.024897552,0.010610179,0.004405293,,0.013755375,0.005602256,0.019646997,,,0.013712262,0.003724399,,,0.004301082,0.00415801,,0.016313575,,,0.027212564,0.010810916,,0.003241494,0.013145729,0.016713481,0.019318051,0.009737175,0.002713706,0.007588112,0.011560822,0.007194276
2023/11/22,0.003245,0,-0.004633213,0.005529968,-0.005400553,-0.002290952,0.008163311,-0.005291018,-0.006615239,,-0.010989122,-0.008415197,-0.00781254,,,-0.00389864,-0.003724399,,,0,-0.00415801,,-0.003241494,,,-0.01011813,0,,0.003231021,-0.011257155,0.008253142,0.011414201,-0.00583092,0,-0.013043663,-0.007692346,0.003577821
2023/11/23,0,-0.003772579,-0.00465478,-0.012951152,-0.001806685,0,-0.004073325,0,0,,0,0,0.001958864,,,0.00389864,0.003724399,,,-0.008620743,0,,-0.003252035,,,0.003384098,0,,0.012820688,-0.003780723,-0.002743486,-0.006325132,-0.005865119,0,0.008714652,-0.007751977,0.014184635
2023/11/24,0,-0.005049805,-0.00624027,-0.003731348,0,0.004576667,0.024194729,0,0.005515734,,0,0,-0.001958864,,,0.0038835,0.007407441,,,0.004319661,-0.004175371,,0,,,0.003372684,0,,-0.006389798,0.003780723,0.013642776,-0.001269841,-0.003929278,0.002706362,-0.012002326,0,-0.014184635
2023/11/27,-0.011950169,0,-0.006279455,-0.001870908,-0.00725956,-0.002285715,-0.008000043,-0.002656044,-0.006622541,,-0.002766253,0.002812941,-0.005899722,,,0.001936109,-0.007407441,,,-0.004319661,0,,-0.006535971,,,-0.006756782,0,,-0.003210276,0,-0.005434796,0.003804697,-0.001970444,0.008075414,0.004381168,-0.015686596,0.003565066
2023/11/28,0.005449605,0.003791642,0.006279455,0.016713481,0.005449605,0.011376687,0.008000043,0.002656044,0.00221239,,0.005524876,0.005602256,0.013712262,,,0.009624713,0.007407441,,,0.004319661,0.004175371,,0.009788006,,,0.01011813,0,,0.006410278,0.00938974,0.008141158,-0.001266625,0,-0.002684565,-0.006578971,0.015686596,0.007092228
2023/11/29,-0.005449605,-0.012692554,-0.003134799,-0.011111225,-0.003629768,-0.002265007,0.003976148,-0.002656044,-0.003320424,,-0.005524876,0.002789402,-0.005853675,,,-0.005763705,-0.003696862,,,0,0.00415801,,0.003241494,,,-0.013513719,0.013351333,,0,-0.001870908,-0.010869672,-0.001268231,-0.005934736,-0.002691792,-0.003305788,-0.00781254,-0.003539827
2023/11/30,0.016260521,0.008900912,0.010929071,0.018450708,0.007246409,0.009029407,0.00790518,0.005305052,-0.001109262,,0.013755375,-0.008391658,0.001955035,,,0.001924928,0,,,-0.004319661,-0.008333382,,-0.003241494,,,0.006779687,0.007926065,,0.009539023,0.009319732,0.016260521,0,0.015748357,0.021334142,-0.004424786,0.015564517,-0.014285957
2023/12/1,-0.00972455,-0.021754042,-0.009360443,-0.014733232,-0.012715884,-0.013574869,-0.011881328,0.002642009,-0.007799482,,-0.016529302,0.002805051,-0.013766196,,,0.003838776,0.003696862,,,0.004319661,0.008333382,,0.003241494,,,-0.003384098,-0.002635048,,-0.003169575,-0.01495355,-0.018996501,0.011356589,-0.005876608,-0.002642009,0.01975915,0,0.007168489
2023/12/4,0.004333701,0.009015537,0.009360443,-0.001857011,0,-0.002280503,-0.016064603,0.007884404,0.001117943,,0,0,0,,,0.009532961,-0.003696862,,,0,0,,0.006451635,,,0,0.007884404,,0.003169575,0.007504726,-0.005494519,-0.003771218,0.003921574,0,0.002171554,0,0.003565066
2023/12/5,-0.01525084,-0.001283337,-0.004669269,-0.005591813,0,0.004555817,-0.004056801,0.002614381,-0.007851975,,-0.005571045,-0.002805051,0.007889587,,,0.001895735,-0.003710579,,,0,-0.00415801,,-0.006451635,,,-0.003395589,-0.005249356,,0,-0.003745323,-0.002758622,0.015000281,0.003906255,-0.010638398,-0.004347833,0,0
2023/12/6,-0.002197803,0.014021841,-0.004691174,0.012999255,0.009099244,0.006795043,0.004056801,0.010389704,-0.002254792,,0.005571045,0,0.003921574,,,0.001892148,0.007407441,,,0,0.024692613,,0.006451635,,,0,0.007863736,,0.01569891,0.005612737,-0.00554018,0.001239926,0.00194742,0,0.009756175,-0.007751977,0
2023/12/7,-0.009950331,-0.012738504,-0.009448889,-0.009267907,-0.005449605,-0.006795043,0,-0.015625318,-0.00339175,,0,0,-0.001958864,,,0.001888575,-0.003696862,,,-0.008658063,0,,-0.003220615,,,0.003395589,-0.007863736,,0,-0.001867414,-0.005571045,-0.002481391,-0.00389864,0,-0.014122994,-0.00389864,-0.003565066
2023/12/8,-0.003338901,0.0107583,0,0.023920184,0.005449605,0.004535155,0.00806456,0.010443959,0.001131862,,-0.005571045,0.002805051,0.003913899,,,0.001885015,0,,,-0.004357305,0.016129382,,0.025479085,,,0.01011813,0.007863736,,0.009302393,0,0.011111225,-0.002487563,-0.005876608,-0.002677378,0.003276901,0.00389864,0.007117468
2023/12/11,0,-0.008957194,-0.004758137,-0.003642991,-0.001813237,0.00451468,-0.00806456,0.015464226,-0.014815086,,0.005571045,0.005586607,0,,,0,0.014706147,,,-0.004376375,0,,0.00313972,,,-0.006734032,0.002607563,,0.015314235,-0.003745323,-0.01390843,-0.001246106,-0.003937013,-0.010781776,0,-0.00389864,-0.003552402
2023/12/12,-0.002232144,0.010230268,0.003174606,0.007272759,-0.001816531,0,-0.008130126,0.010178205,-0.003450262,,0,0.002781643,-0.003913899,,,0.00937214,0,,,0,0.00796817,,-0.00313972,,,0.006734032,0.005194817,,0.003034904,0,0.002797205,-0.001247661,0,-0.002713706,0.003266198,-0.003913899,0.003552402
2023/12/13,-0.001117943,-0.010230268,-0.003174606,0.012601427,-0.003642991,0,-0.004089985,0.002528446,-0.002306806,,-0.002781643,0.002773927,-0.001962709,,,-0.001867414,0,,,0,-0.016000341,,0,,,-0.006734032,0,,-0.018349139,-0.005644418,-0.019746763,-0.008777486,-0.009910884,0,-0.007637789,-0.007874056,0.007067167
2023/12/14,0.026491615,0.016571444,0.035913305,0.017730961,0.007272759,0.00896867,0.024292693,0.010050336,0.013761685,,0.008321823,-0.002773927,0.011718884,,,0.009302393,0.0108894,,,0.017391743,0.016000341,,0.01560094,,,0.010084119,0.01542447,,0.009216655,0.013121088,0.022536165,0.006277485,0.003976148,0.002713706,0.013057857,0.007874056,0.010507978
2023/12/15,-0.001089918,-0.005069719,-0.00153492,-0.010600806,-0.009099244,-0.00671895,0.003992021,0,0.005678607,,-0.01390843,-0.00836825,-0.001943635,,,0,-0.00361664,,,-0.004319661,0.003960401,,0.003091193,,,0,0.010152371,,-0.009216655,-0.003731348,0.043603637,0,0.00790518,0.010781776,-0.01525084,0.015564517,0
2023/12/18,-0.007662873,-0.007653099,-0.009259325,0.003546103,0.005469476,0.004484312,-0.008000043,-0.012578782,-0.006818208,,0,-0.005617992,-0.00194742,,,0.001850139,-0.003629768,,,0.008620743,0,,0,,,-0.003350087,-0.010152371,,-0.015552413,-0.001870908,-0.005347606,-0.00376176,-0.001970444,-0.002684565,0.005473467,-0.003868477,-0.003490405
2023/12/19,-0.013274531,0.002557546,-0.009345862,0,-0.010969031,-0.006734032,-0.00806456,-0.012739026,-0.010315278,,-0.005617992,-0.008486614,-0.005865119,,,-0.01302344,-0.007299302,,,-0.008620743,-0.00793655,,-0.01242252,,,-0.006734032,-0.020619287,,-0.012618464,0,0,-0.020305266,-0.007920833,-0.005390849,-0.008771986,-0.00778214,-0.003502631
2023/12/20,-0.001114206,-0.010269667,-0.004705891,-0.016057437,-0.011090687,-0.013605652,0,-0.002567396,0.001151411,,-0.002820876,-0.002844952,-0.003929278,,,-0.005633818,-0.007352974,,,0,0.019724505,,0.00623055,,,0,0.015504187,,0.009478744,-0.01319529,-0.008075414,0,0.003968259,-0.005420067,-0.005521825,-0.007843177,0.006993035
2023/12/21,-0.003350087,-0.01168086,-0.003149609,0.001796946,-0.003724399,-0.002285715,-0.004056801,-0.007741974,0.001150086,,0.002820876,-0.005714301,0,,,-0.003773589,0,,,0,-0.007843177,,-0.009360443,,,-0.006779687,-0.01030937,,-0.009478744,-0.007619084,0.01342302,-0.01030937,0.00197824,-0.00272109,0.001106807,-0.011881328,-0.010507978
2023/12/22,-0.001119194,0.001304632,0.001576044,-0.003597126,-0.001867414,0.002285715,-0.004073325,0,-0.001150086,,0,0.005714301,0,,,0.013145729,0,,,0,-0.003944778,,-0.006289329,,,-0.017153079,0,,-0.003179653,0.003816799,-0.005347606,0.016699168,-0.00197824,-0.005464494,0.00331309,0,0
2023/12/25,0.004469281,0.011665719,0.003144657,0.003597126,0.003731348,0.002280503,0.004073325,0.007741974,0,,0.002812941,0.005681833,-0.001970444,,,-0.007490672,0,,,0,0,,0,,,0.013745921,0,,0.006349228,-0.001906578,0,0.002544531,-0.001982161,0.00273598,0.002202644,0,0
2023/12/26,0.007773498,0,0.009375069,0.005371544,0.005571045,0.011325149,0.00809721,-0.002574004,0.009163867,,0.005602256,0.008462674,0.005899722,,,0.009354605,0.003683245,,,0.034045841,0.003944778,,0.009419222,,,0.016920877,0.007741974,,0.009448889,0.009496748,0.013315776,0,0.001982161,0.008163311,0.006578971,0.00793655,0.010507978
2023/12/27,0.005515734,0.0051414,0.00465478,0.003565066,0.007380107,0.00224972,0.008032172,0.020408872,0.01133799,,0.002789402,0.002805051,0.00781254,,,0.011111225,0.00732604,,,0.020704673,0.003929278,,0.00623055,,,-0.016920877,0.005128216,,-0.00313972,0.003773589,0.00790518,0.003804697,0,0.005405419,0.015184674,0,0
2023/12/28,0.00767127,0.005115101,0.004633213,0.010619569,0.009149195,0.00671895,0.003992021,-0.005063302,0.001126761,,0.008321823,0.005586607,0.0038835,,,0.007339482,0.003642991,,,0.004089985,-0.003929278,,0.003100778,,,-0.006849342,0.005102052,,0.006269613,0.011236073,-0.00526317,0.008821733,0.003952574,-0.002699057,0.008574543,0.007874056,0.003478264
2023/12/29,-0.001092299,0,-0.00154202,-0.001762115,-0.001823155,-0.002234638,0,0,-0.003384098,,0,-0.002789402,0,,,0.009099244,-0.003642991,,,0,-0.003944778,,0.012307848,,,0.017036187,0,,-0.006269613,-0.005602256,0.018301164,0.002506267,0.003937013,0.005390849,-0.001067806,0.003913899,0